image,superclass_index,subclass_index
0.jpg,1,37
1.jpg,0,42
2.jpg,1,62
3.jpg,1,31
4.jpg,0,4
5.jpg,2,61
6.jpg,2,57
7.jpg,1,70
8.jpg,1,65
9.jpg,0,41
10.jpg,1,64
11.jpg,1,36
12.jpg,0,20
13.jpg,0,19
14.jpg,1,62
15.jpg,0,60
16.jpg,0,78
17.jpg,1,49
18.jpg,2,3
19.jpg,2,50
20.jpg,0,16
21.jpg,0,4
22.jpg,1,45
23.jpg,1,7
24.jpg,1,62
25.jpg,0,6
26.jpg,2,47
27.jpg,0,40
28.jpg,2,81
29.jpg,1,49
30.jpg,1,22
31.jpg,0,6
32.jpg,1,17
33.jpg,2,66
34.jpg,2,52
35.jpg,2,81
36.jpg,0,28
37.jpg,2,57
38.jpg,1,22
39.jpg,1,49
40.jpg,1,46
41.jpg,0,19
42.jpg,2,55
43.jpg,2,76
44.jpg,0,30
45.jpg,0,84
46.jpg,0,59
47.jpg,2,66
48.jpg,0,40
49.jpg,1,17
50.jpg,1,64
51.jpg,2,71
52.jpg,2,50
53.jpg,1,37
54.jpg,0,75
55.jpg,2,48
56.jpg,2,29
57.jpg,1,18
58.jpg,1,70
59.jpg,1,36
60.jpg,0,24
61.jpg,2,1
62.jpg,0,8
63.jpg,1,2
64.jpg,2,1
65.jpg,2,67
66.jpg,1,62
67.jpg,1,85
68.jpg,0,84
69.jpg,1,21
70.jpg,1,46
71.jpg,0,16
72.jpg,2,57
73.jpg,2,63
74.jpg,2,66
75.jpg,1,10
76.jpg,0,24
77.jpg,0,80
78.jpg,1,79
79.jpg,1,10
80.jpg,1,49
81.jpg,0,24
82.jpg,2,47
83.jpg,1,49
84.jpg,0,78
85.jpg,2,29
86.jpg,0,28
87.jpg,2,3
88.jpg,1,31
89.jpg,0,41
90.jpg,1,54
91.jpg,2,29
92.jpg,2,81
93.jpg,1,22
94.jpg,0,86
95.jpg,2,34
96.jpg,0,59
97.jpg,0,27
98.jpg,1,62
99.jpg,2,81
100.jpg,0,60
101.jpg,2,50
102.jpg,0,24
103.jpg,1,38
104.jpg,0,84
105.jpg,2,1
106.jpg,0,84
107.jpg,2,50
108.jpg,2,81
109.jpg,1,18
110.jpg,2,47
111.jpg,1,7
112.jpg,1,0
113.jpg,1,79
114.jpg,1,70
115.jpg,2,81
116.jpg,1,70
117.jpg,2,44
118.jpg,1,53
119.jpg,2,71
120.jpg,2,29
121.jpg,2,57
122.jpg,0,86
123.jpg,2,66
124.jpg,0,42
125.jpg,1,0
126.jpg,0,78
127.jpg,2,57
128.jpg,0,14
129.jpg,2,52
130.jpg,0,82
131.jpg,2,35
132.jpg,0,14
133.jpg,0,51
134.jpg,2,52
135.jpg,1,18
136.jpg,1,45
137.jpg,2,74
138.jpg,1,22
139.jpg,0,30
140.jpg,2,76
141.jpg,0,24
142.jpg,2,81
143.jpg,2,71
144.jpg,2,63
145.jpg,2,74
146.jpg,1,65
147.jpg,0,59
148.jpg,2,29
149.jpg,1,23
150.jpg,0,40
151.jpg,0,56
152.jpg,2,58
153.jpg,1,37
154.jpg,1,38
155.jpg,0,84
156.jpg,1,38
157.jpg,2,61
158.jpg,0,20
159.jpg,1,32
160.jpg,0,26
161.jpg,1,36
162.jpg,0,6
163.jpg,2,72
164.jpg,0,4
165.jpg,1,36
166.jpg,1,64
167.jpg,0,82
168.jpg,1,31
169.jpg,1,2
170.jpg,1,49
171.jpg,0,75
172.jpg,0,86
173.jpg,0,4
174.jpg,2,71
175.jpg,1,31
176.jpg,2,67
177.jpg,1,22
178.jpg,2,61
179.jpg,0,78
180.jpg,1,25
181.jpg,2,69
182.jpg,2,57
183.jpg,2,61
184.jpg,2,74
185.jpg,1,21
186.jpg,2,52
187.jpg,0,24
188.jpg,2,76
189.jpg,2,81
190.jpg,0,8
191.jpg,0,19
192.jpg,1,21
193.jpg,0,84
194.jpg,0,30
195.jpg,1,7
196.jpg,2,57
197.jpg,0,5
198.jpg,1,36
199.jpg,0,75
200.jpg,1,31
201.jpg,1,32
202.jpg,2,71
203.jpg,1,18
204.jpg,1,62
205.jpg,1,62
206.jpg,0,82
207.jpg,1,37
208.jpg,1,17
209.jpg,0,80
210.jpg,0,42
211.jpg,2,34
212.jpg,0,5
213.jpg,2,52
214.jpg,1,31
215.jpg,0,60
216.jpg,0,42
217.jpg,2,43
218.jpg,1,0
219.jpg,1,62
220.jpg,0,84
221.jpg,2,57
222.jpg,1,2
223.jpg,2,71
224.jpg,1,49
225.jpg,0,75
226.jpg,2,43
227.jpg,2,29
228.jpg,2,57
229.jpg,2,29
230.jpg,0,42
231.jpg,2,44
232.jpg,2,1
233.jpg,2,1
234.jpg,1,21
235.jpg,0,16
236.jpg,0,84
237.jpg,1,70
238.jpg,2,72
239.jpg,1,12
240.jpg,2,13
241.jpg,2,69
242.jpg,1,64
243.jpg,0,41
244.jpg,2,52
245.jpg,1,18
246.jpg,2,52
247.jpg,2,72
248.jpg,2,69
249.jpg,0,30
250.jpg,1,77
251.jpg,0,30
252.jpg,0,41
253.jpg,2,52
254.jpg,1,85
255.jpg,2,15
256.jpg,2,76
257.jpg,2,72
258.jpg,2,52
259.jpg,1,53
260.jpg,1,21
261.jpg,0,84
262.jpg,2,3
263.jpg,0,82
264.jpg,0,6
265.jpg,1,37
266.jpg,2,68
267.jpg,2,76
268.jpg,2,58
269.jpg,2,76
270.jpg,1,32
271.jpg,2,43
272.jpg,2,58
273.jpg,2,13
274.jpg,1,70
275.jpg,0,42
276.jpg,1,36
277.jpg,1,18
278.jpg,1,85
279.jpg,0,4
280.jpg,2,81
281.jpg,2,43
282.jpg,2,29
283.jpg,2,44
284.jpg,2,44
285.jpg,2,58
286.jpg,2,48
287.jpg,0,8
288.jpg,0,5
289.jpg,2,43
290.jpg,1,22
291.jpg,2,57
292.jpg,0,27
293.jpg,1,7
294.jpg,1,36
295.jpg,2,1
296.jpg,2,50
297.jpg,2,50
298.jpg,1,85
299.jpg,0,26
300.jpg,1,70
301.jpg,1,49
302.jpg,1,62
303.jpg,2,72
304.jpg,2,57
305.jpg,2,47
306.jpg,2,29
307.jpg,0,59
308.jpg,2,52
309.jpg,1,70
310.jpg,0,6
311.jpg,0,6
312.jpg,0,28
313.jpg,1,53
314.jpg,0,27
315.jpg,0,41
316.jpg,2,74
317.jpg,1,85
318.jpg,0,6
319.jpg,1,38
320.jpg,0,75
321.jpg,0,24
322.jpg,2,57
323.jpg,2,44
324.jpg,2,1
325.jpg,2,47
326.jpg,0,27
327.jpg,0,60
328.jpg,0,42
329.jpg,0,84
330.jpg,2,39
331.jpg,1,64
332.jpg,2,63
333.jpg,1,46
334.jpg,1,62
335.jpg,2,29
336.jpg,1,85
337.jpg,2,61
338.jpg,2,33
339.jpg,2,50
340.jpg,0,28
341.jpg,1,37
342.jpg,0,4
343.jpg,2,81
344.jpg,1,49
345.jpg,2,33
346.jpg,0,86
347.jpg,2,33
348.jpg,0,51
349.jpg,2,47
350.jpg,0,51
351.jpg,1,70
352.jpg,2,13
353.jpg,2,71
354.jpg,0,11
355.jpg,2,66
356.jpg,2,66
357.jpg,2,66
358.jpg,2,66
359.jpg,2,1
360.jpg,2,50
361.jpg,1,49
362.jpg,2,74
363.jpg,0,56
364.jpg,2,1
365.jpg,1,12
366.jpg,1,45
367.jpg,2,34
368.jpg,1,36
369.jpg,2,61
370.jpg,1,2
371.jpg,2,15
372.jpg,2,35
373.jpg,0,84
374.jpg,2,52
375.jpg,2,29
376.jpg,2,58
377.jpg,0,4
378.jpg,2,76
379.jpg,2,3
380.jpg,0,84
381.jpg,2,35
382.jpg,0,84
383.jpg,2,66
384.jpg,0,80
385.jpg,1,37
386.jpg,0,84
387.jpg,1,32
388.jpg,0,19
389.jpg,2,81
390.jpg,0,11
391.jpg,2,47
392.jpg,2,72
393.jpg,2,58
394.jpg,0,86
395.jpg,1,46
396.jpg,0,24
397.jpg,0,26
398.jpg,0,82
399.jpg,2,15
400.jpg,0,41
401.jpg,2,1
402.jpg,0,28
403.jpg,2,57
404.jpg,0,6
405.jpg,2,81
406.jpg,2,15
407.jpg,2,52
408.jpg,0,78
409.jpg,2,66
410.jpg,1,37
411.jpg,2,63
412.jpg,2,13
413.jpg,2,71
414.jpg,1,12
415.jpg,0,19
416.jpg,2,71
417.jpg,0,27
418.jpg,1,36
419.jpg,1,70
420.jpg,2,35
421.jpg,0,59
422.jpg,1,17
423.jpg,0,27
424.jpg,2,63
425.jpg,0,73
426.jpg,0,6
427.jpg,0,28
428.jpg,1,0
429.jpg,1,25
430.jpg,1,9
431.jpg,1,46
432.jpg,1,0
433.jpg,1,53
434.jpg,1,64
435.jpg,2,63
436.jpg,1,23
437.jpg,2,61
438.jpg,1,70
439.jpg,1,46
440.jpg,0,27
441.jpg,0,14
442.jpg,2,34
443.jpg,2,39
444.jpg,1,70
445.jpg,2,50
446.jpg,2,44
447.jpg,1,65
448.jpg,1,9
449.jpg,2,63
450.jpg,0,6
451.jpg,1,65
452.jpg,1,22
453.jpg,1,70
454.jpg,1,64
455.jpg,2,50
456.jpg,0,75
457.jpg,1,65
458.jpg,1,49
459.jpg,2,68
460.jpg,2,72
461.jpg,0,56
462.jpg,1,65
463.jpg,2,52
464.jpg,2,43
465.jpg,0,16
466.jpg,1,49
467.jpg,0,78
468.jpg,1,7
469.jpg,2,74
470.jpg,1,62
471.jpg,1,18
472.jpg,1,9
473.jpg,2,61
474.jpg,2,48
475.jpg,0,83
476.jpg,2,50
477.jpg,1,46
478.jpg,1,12
479.jpg,2,61
480.jpg,0,27
481.jpg,0,24
482.jpg,2,76
483.jpg,2,61
484.jpg,0,84
485.jpg,0,40
486.jpg,0,6
487.jpg,0,6
488.jpg,0,26
489.jpg,2,66
490.jpg,1,49
491.jpg,2,47
492.jpg,1,37
493.jpg,2,76
494.jpg,0,8
495.jpg,2,81
496.jpg,0,6
497.jpg,0,6
498.jpg,2,47
499.jpg,1,2
500.jpg,1,36
501.jpg,1,18
502.jpg,0,84
503.jpg,1,2
504.jpg,1,12
505.jpg,2,69
506.jpg,2,71
507.jpg,1,18
508.jpg,1,38
509.jpg,2,76
510.jpg,2,81
511.jpg,2,15
512.jpg,2,66
513.jpg,2,39
514.jpg,0,27
515.jpg,0,30
516.jpg,2,69
517.jpg,1,70
518.jpg,1,18
519.jpg,1,18
520.jpg,2,43
521.jpg,0,75
522.jpg,1,37
523.jpg,0,16
524.jpg,2,69
525.jpg,0,6
526.jpg,2,34
527.jpg,1,36
528.jpg,1,31
529.jpg,1,36
530.jpg,2,58
531.jpg,0,75
532.jpg,1,64
533.jpg,0,27
534.jpg,2,27
535.jpg,1,46
536.jpg,2,72
537.jpg,2,15
538.jpg,2,61
539.jpg,0,82
540.jpg,2,57
541.jpg,2,52
542.jpg,2,71
543.jpg,2,1
544.jpg,1,62
545.jpg,1,17
546.jpg,1,23
547.jpg,0,16
548.jpg,0,75
549.jpg,0,42
550.jpg,2,29
551.jpg,1,31
552.jpg,1,70
553.jpg,2,39
554.jpg,1,22
555.jpg,2,29
556.jpg,1,23
557.jpg,1,22
558.jpg,0,16
559.jpg,0,27
560.jpg,0,40
561.jpg,2,33
562.jpg,0,80
563.jpg,2,48
564.jpg,2,44
565.jpg,2,68
566.jpg,2,48
567.jpg,2,15
568.jpg,1,0
569.jpg,2,58
570.jpg,0,5
571.jpg,1,9
572.jpg,1,7
573.jpg,0,56
574.jpg,0,14
575.jpg,2,33
576.jpg,0,16
577.jpg,1,64
578.jpg,1,2
579.jpg,1,18
580.jpg,1,31
581.jpg,0,30
582.jpg,2,35
583.jpg,1,45
584.jpg,0,28
585.jpg,2,43
586.jpg,1,37
587.jpg,0,59
588.jpg,0,42
589.jpg,2,42
590.jpg,0,28
591.jpg,1,70
592.jpg,1,22
593.jpg,1,53
594.jpg,2,81
595.jpg,2,74
596.jpg,1,22
597.jpg,0,75
598.jpg,2,47
599.jpg,1,18
600.jpg,1,37
601.jpg,1,21
602.jpg,2,76
603.jpg,0,75
604.jpg,2,71
605.jpg,2,52
606.jpg,0,26
607.jpg,2,71
608.jpg,0,19
609.jpg,2,72
610.jpg,2,50
611.jpg,0,20
612.jpg,0,78
613.jpg,1,46
614.jpg,2,50
615.jpg,0,28
616.jpg,1,45
617.jpg,0,16
618.jpg,1,21
619.jpg,0,24
620.jpg,2,29
621.jpg,0,75
622.jpg,1,64
623.jpg,0,14
624.jpg,1,46
625.jpg,2,58
626.jpg,1,12
627.jpg,1,64
628.jpg,1,79
629.jpg,1,37
630.jpg,1,36
631.jpg,2,58
632.jpg,2,57
633.jpg,2,72
634.jpg,1,62
635.jpg,0,60
636.jpg,1,79
637.jpg,2,1
638.jpg,2,50
639.jpg,1,7
640.jpg,0,20
641.jpg,0,27
642.jpg,0,75
643.jpg,0,56
644.jpg,2,34
645.jpg,2,71
646.jpg,1,64
647.jpg,2,72
648.jpg,2,74
649.jpg,1,65
650.jpg,1,53
651.jpg,1,37
652.jpg,1,85
653.jpg,1,2
654.jpg,2,34
655.jpg,1,31
656.jpg,2,52
657.jpg,2,15
658.jpg,1,2
659.jpg,1,7
660.jpg,2,55
661.jpg,2,15
662.jpg,0,24
663.jpg,0,30
664.jpg,0,84
665.jpg,1,49
666.jpg,2,44
667.jpg,0,56
668.jpg,2,52
669.jpg,1,23
670.jpg,0,26
671.jpg,2,69
672.jpg,1,36
673.jpg,2,72
674.jpg,1,7
675.jpg,2,34
676.jpg,1,23
677.jpg,0,73
678.jpg,1,70
679.jpg,1,79
680.jpg,2,81
681.jpg,0,24
682.jpg,2,1
683.jpg,1,65
684.jpg,0,26
685.jpg,0,27
686.jpg,0,84
687.jpg,1,62
688.jpg,2,33
689.jpg,1,18
690.jpg,0,42
691.jpg,0,56
692.jpg,1,64
693.jpg,1,21
694.jpg,2,15
695.jpg,2,29
696.jpg,1,25
697.jpg,2,63
698.jpg,1,79
699.jpg,1,64
700.jpg,1,22
701.jpg,1,77
702.jpg,2,66
703.jpg,0,83
704.jpg,2,29
705.jpg,0,24
706.jpg,0,86
707.jpg,0,83
708.jpg,0,24
709.jpg,1,36
710.jpg,0,42
711.jpg,0,56
712.jpg,1,62
713.jpg,1,65
714.jpg,2,52
715.jpg,2,76
716.jpg,0,24
717.jpg,0,30
718.jpg,2,69
719.jpg,1,9
720.jpg,0,78
721.jpg,0,4
722.jpg,2,15
723.jpg,1,62
724.jpg,2,1
725.jpg,0,42
726.jpg,0,11
727.jpg,1,49
728.jpg,0,4
729.jpg,2,81
730.jpg,0,51
731.jpg,1,10
732.jpg,2,29
733.jpg,0,84
734.jpg,2,71
735.jpg,2,68
736.jpg,0,27
737.jpg,2,76
738.jpg,1,65
739.jpg,1,21
740.jpg,1,62
741.jpg,1,36
742.jpg,2,72
743.jpg,2,76
744.jpg,1,38
745.jpg,1,64
746.jpg,0,59
747.jpg,0,84
748.jpg,1,7
749.jpg,2,71
750.jpg,2,1
751.jpg,1,36
752.jpg,2,35
753.jpg,1,70
754.jpg,0,19
755.jpg,1,62
756.jpg,1,7
757.jpg,2,35
758.jpg,2,15
759.jpg,2,43
760.jpg,2,47
761.jpg,1,77
762.jpg,2,81
763.jpg,2,35
764.jpg,1,9
765.jpg,1,85
766.jpg,2,63
767.jpg,0,24
768.jpg,1,25
769.jpg,1,85
770.jpg,0,82
771.jpg,0,82
772.jpg,0,6
773.jpg,1,21
774.jpg,1,25
775.jpg,1,49
776.jpg,0,8
777.jpg,0,28
778.jpg,1,46
779.jpg,0,56
780.jpg,2,81
781.jpg,1,54
782.jpg,0,28
783.jpg,1,54
784.jpg,2,15
785.jpg,0,5
786.jpg,2,71
787.jpg,0,11
788.jpg,1,9
789.jpg,0,24
790.jpg,2,44
791.jpg,1,65
792.jpg,2,63
793.jpg,1,62
794.jpg,1,18
795.jpg,1,23
796.jpg,2,44
797.jpg,0,51
798.jpg,1,65
799.jpg,1,31
800.jpg,0,60
801.jpg,0,5
802.jpg,2,50
803.jpg,0,14
804.jpg,2,48
805.jpg,1,77
806.jpg,1,7
807.jpg,1,62
808.jpg,1,21
809.jpg,2,35
810.jpg,1,23
811.jpg,1,37
812.jpg,2,47
813.jpg,0,86
814.jpg,2,43
815.jpg,2,39
816.jpg,2,3
817.jpg,2,29
818.jpg,0,51
819.jpg,0,75
820.jpg,1,7
821.jpg,1,79
822.jpg,1,22
823.jpg,2,34
824.jpg,1,18
825.jpg,0,28
826.jpg,2,34
827.jpg,2,35
828.jpg,0,75
829.jpg,1,21
830.jpg,0,51
831.jpg,0,4
832.jpg,1,31
833.jpg,2,58
834.jpg,0,27
835.jpg,2,52
836.jpg,1,22
837.jpg,1,45
838.jpg,0,59
839.jpg,1,64
840.jpg,2,76
841.jpg,1,38
842.jpg,0,60
843.jpg,2,52
844.jpg,2,63
845.jpg,0,30
846.jpg,1,9
847.jpg,2,76
848.jpg,2,58
849.jpg,1,62
850.jpg,0,75
851.jpg,2,72
852.jpg,0,4
853.jpg,1,65
854.jpg,1,23
855.jpg,2,61
856.jpg,2,72
857.jpg,0,41
858.jpg,2,57
859.jpg,0,30
860.jpg,2,55
861.jpg,0,28
862.jpg,0,14
863.jpg,1,37
864.jpg,1,32
865.jpg,1,49
866.jpg,0,51
867.jpg,0,51
868.jpg,0,59
869.jpg,2,57
870.jpg,2,35
871.jpg,1,70
872.jpg,2,69
873.jpg,0,28
874.jpg,2,47
875.jpg,2,72
876.jpg,2,61
877.jpg,2,66
878.jpg,0,16
879.jpg,0,82
880.jpg,1,22
881.jpg,2,52
882.jpg,0,30
883.jpg,1,7
884.jpg,1,77
885.jpg,2,61
886.jpg,1,64
887.jpg,2,71
888.jpg,2,71
889.jpg,1,53
890.jpg,2,71
891.jpg,2,61
892.jpg,0,19
893.jpg,2,74
894.jpg,1,12
895.jpg,0,4
896.jpg,1,21
897.jpg,2,71
898.jpg,0,40
899.jpg,1,21
900.jpg,0,11
901.jpg,1,7
902.jpg,1,18
903.jpg,2,39
904.jpg,0,56
905.jpg,2,71
906.jpg,0,75
907.jpg,1,70
908.jpg,2,35
909.jpg,1,46
910.jpg,0,28
911.jpg,1,54
912.jpg,2,81
913.jpg,2,47
914.jpg,2,66
915.jpg,0,30
916.jpg,1,21
917.jpg,2,39
918.jpg,2,69
919.jpg,0,5
920.jpg,1,54
921.jpg,0,24
922.jpg,0,84
923.jpg,2,39
924.jpg,2,66
925.jpg,1,49
926.jpg,0,80
927.jpg,1,22
928.jpg,2,52
929.jpg,2,68
930.jpg,2,61
931.jpg,2,15
932.jpg,0,26
933.jpg,2,61
934.jpg,2,48
935.jpg,0,60
936.jpg,1,45
937.jpg,1,65
938.jpg,2,1
939.jpg,2,48
940.jpg,2,34
941.jpg,1,62
942.jpg,2,76
943.jpg,1,77
944.jpg,1,49
945.jpg,1,36
946.jpg,2,1
947.jpg,0,80
948.jpg,2,3
949.jpg,0,84
950.jpg,2,76
951.jpg,1,31
952.jpg,0,27
953.jpg,0,75
954.jpg,0,26
955.jpg,1,12
956.jpg,2,61
957.jpg,0,56
958.jpg,0,20
959.jpg,1,36
960.jpg,2,3
961.jpg,2,55
962.jpg,0,5
963.jpg,0,24
964.jpg,2,15
965.jpg,2,68
966.jpg,2,66
967.jpg,0,41
968.jpg,0,60
969.jpg,1,21
970.jpg,2,71
971.jpg,1,53
972.jpg,1,31
973.jpg,1,62
974.jpg,2,69
975.jpg,2,57
976.jpg,2,1
977.jpg,1,31
978.jpg,2,34
979.jpg,0,27
980.jpg,1,9
981.jpg,2,47
982.jpg,1,85
983.jpg,0,84
984.jpg,1,62
985.jpg,2,47
986.jpg,2,48
987.jpg,2,61
988.jpg,2,44
989.jpg,2,50
990.jpg,2,39
991.jpg,2,39
992.jpg,2,67
993.jpg,1,7
994.jpg,2,58
995.jpg,0,75
996.jpg,1,49
997.jpg,1,37
998.jpg,2,72
999.jpg,0,6
1000.jpg,0,11
1001.jpg,2,58
1002.jpg,1,9
1003.jpg,1,79
1004.jpg,0,4
1005.jpg,1,62
1006.jpg,1,64
1007.jpg,1,31
1008.jpg,1,7
1009.jpg,0,4
1010.jpg,1,0
1011.jpg,1,64
1012.jpg,0,30
1013.jpg,2,30
1014.jpg,0,11
1015.jpg,1,45
1016.jpg,2,66
1017.jpg,1,7
1018.jpg,1,18
1019.jpg,1,64
1020.jpg,2,58
1021.jpg,2,44
1022.jpg,1,21
1023.jpg,2,3
1024.jpg,0,6
1025.jpg,2,74
1026.jpg,2,50
1027.jpg,0,82
1028.jpg,0,60
1029.jpg,0,60
1030.jpg,1,7
1031.jpg,1,53
1032.jpg,2,67
1033.jpg,0,6
1034.jpg,1,49
1035.jpg,2,13
1036.jpg,2,61
1037.jpg,2,29
1038.jpg,0,73
1039.jpg,0,6
1040.jpg,1,36
1041.jpg,1,31
1042.jpg,0,75
1043.jpg,0,27
1044.jpg,0,20
1045.jpg,2,50
1046.jpg,1,38
1047.jpg,1,22
1048.jpg,0,19
1049.jpg,2,44
1050.jpg,2,58
1051.jpg,0,20
1052.jpg,2,1
1053.jpg,2,35
1054.jpg,1,79
1055.jpg,1,25
1056.jpg,1,70
1057.jpg,1,22
1058.jpg,0,40
1059.jpg,2,44
1060.jpg,2,69
1061.jpg,0,26
1062.jpg,1,77
1063.jpg,0,24
1064.jpg,1,23
1065.jpg,0,59
1066.jpg,2,63
1067.jpg,2,50
1068.jpg,1,18
1069.jpg,1,23
1070.jpg,1,23
1071.jpg,2,1
1072.jpg,1,49
1073.jpg,1,36
1074.jpg,1,46
1075.jpg,0,28
1076.jpg,2,43
1077.jpg,1,36
1078.jpg,1,53
1079.jpg,2,29
1080.jpg,1,37
1081.jpg,2,3
1082.jpg,1,21
1083.jpg,0,6
1084.jpg,1,17
1085.jpg,1,77
1086.jpg,2,29
1087.jpg,2,61
1088.jpg,0,14
1089.jpg,2,44
1090.jpg,0,83
1091.jpg,0,82
1092.jpg,1,85
1093.jpg,0,14
1094.jpg,1,18
1095.jpg,1,37
1096.jpg,1,2
1097.jpg,2,29
1098.jpg,2,71
1099.jpg,1,45
1100.jpg,2,3
1101.jpg,2,57
1102.jpg,2,39
1103.jpg,2,34
1104.jpg,2,57
1105.jpg,0,56
1106.jpg,0,30
1107.jpg,1,10
1108.jpg,0,27
1109.jpg,0,78
1110.jpg,0,73
1111.jpg,2,71
1112.jpg,2,71
1113.jpg,0,40
1114.jpg,1,64
1115.jpg,2,76
1116.jpg,0,60
1117.jpg,2,58
1118.jpg,0,73
1119.jpg,0,83
1120.jpg,0,6
1121.jpg,1,0
1122.jpg,2,66
1123.jpg,2,44
1124.jpg,2,58
1125.jpg,1,38
1126.jpg,0,73
1127.jpg,2,52
1128.jpg,0,86
1129.jpg,1,10
1130.jpg,2,69
1131.jpg,2,69
1132.jpg,2,1
1133.jpg,0,75
1134.jpg,2,66
1135.jpg,1,65
1136.jpg,2,66
1137.jpg,1,65
1138.jpg,0,30
1139.jpg,2,44
1140.jpg,2,35
1141.jpg,1,7
1142.jpg,2,44
1143.jpg,1,18
1144.jpg,2,29
1145.jpg,0,11
1146.jpg,2,61
1147.jpg,1,18
1148.jpg,2,52
1149.jpg,1,18
1150.jpg,2,39
1151.jpg,2,74
1152.jpg,2,81
1153.jpg,0,84
1154.jpg,0,30
1155.jpg,0,24
1156.jpg,2,81
1157.jpg,1,21
1158.jpg,2,39
1159.jpg,2,35
1160.jpg,0,5
1161.jpg,1,7
1162.jpg,1,37
1163.jpg,2,57
1164.jpg,1,70
1165.jpg,2,76
1166.jpg,1,64
1167.jpg,1,49
1168.jpg,2,66
1169.jpg,1,9
1170.jpg,2,81
1171.jpg,2,13
1172.jpg,2,43
1173.jpg,2,44
1174.jpg,0,19
1175.jpg,0,42
1176.jpg,0,60
1177.jpg,1,64
1178.jpg,2,47
1179.jpg,2,44
1180.jpg,0,83
1181.jpg,2,76
1182.jpg,1,46
1183.jpg,1,37
1184.jpg,0,84
1185.jpg,2,81
1186.jpg,1,46
1187.jpg,1,45
1188.jpg,2,44
1189.jpg,2,1
1190.jpg,0,4
1191.jpg,0,86
1192.jpg,1,12
1193.jpg,1,36
1194.jpg,1,21
1195.jpg,1,21
1196.jpg,2,58
1197.jpg,1,37
1198.jpg,0,11
1199.jpg,0,28
1200.jpg,2,66
1201.jpg,1,21
1202.jpg,2,67
1203.jpg,1,21
1204.jpg,2,69
1205.jpg,1,37
1206.jpg,1,53
1207.jpg,0,41
1208.jpg,1,37
1209.jpg,1,7
1210.jpg,0,59
1211.jpg,0,24
1212.jpg,0,8
1213.jpg,1,85
1214.jpg,0,28
1215.jpg,2,63
1216.jpg,1,79
1217.jpg,2,55
1218.jpg,2,44
1219.jpg,1,37
1220.jpg,1,65
1221.jpg,1,22
1222.jpg,1,38
1223.jpg,1,12
1224.jpg,2,66
1225.jpg,1,38
1226.jpg,2,76
1227.jpg,2,29
1228.jpg,0,4
1229.jpg,1,36
1230.jpg,0,16
1231.jpg,2,16
1232.jpg,1,45
1233.jpg,1,77
1234.jpg,1,2
1235.jpg,0,11
1236.jpg,0,6
1237.jpg,1,10
1238.jpg,0,28
1239.jpg,1,79
1240.jpg,1,7
1241.jpg,2,48
1242.jpg,2,35
1243.jpg,1,62
1244.jpg,2,72
1245.jpg,2,67
1246.jpg,2,74
1247.jpg,2,1
1248.jpg,1,32
1249.jpg,1,70
1250.jpg,0,84
1251.jpg,1,62
1252.jpg,0,24
1253.jpg,1,70
1254.jpg,1,77
1255.jpg,2,61
1256.jpg,0,80
1257.jpg,2,44
1258.jpg,2,72
1259.jpg,2,29
1260.jpg,1,36
1261.jpg,0,80
1262.jpg,2,33
1263.jpg,2,33
1264.jpg,2,81
1265.jpg,0,4
1266.jpg,2,68
1267.jpg,0,30
1268.jpg,2,66
1269.jpg,2,44
1270.jpg,2,61
1271.jpg,2,76
1272.jpg,0,6
1273.jpg,1,22
1274.jpg,2,22
1275.jpg,2,76
1276.jpg,1,2
1277.jpg,2,61
1278.jpg,1,54
1279.jpg,0,20
1280.jpg,2,13
1281.jpg,2,3
1282.jpg,2,43
1283.jpg,0,4
1284.jpg,2,81
1285.jpg,0,26
1286.jpg,0,28
1287.jpg,2,58
1288.jpg,1,31
1289.jpg,2,29
1290.jpg,2,1
1291.jpg,0,60
1292.jpg,2,76
1293.jpg,2,63
1294.jpg,0,42
1295.jpg,2,63
1296.jpg,2,29
1297.jpg,2,81
1298.jpg,1,38
1299.jpg,0,84
1300.jpg,2,44
1301.jpg,1,37
1302.jpg,0,80
1303.jpg,0,84
1304.jpg,0,56
1305.jpg,2,72
1306.jpg,0,86
1307.jpg,0,82
1308.jpg,1,65
1309.jpg,0,27
1310.jpg,1,49
1311.jpg,1,21
1312.jpg,1,70
1313.jpg,1,25
1314.jpg,1,85
1315.jpg,2,43
1316.jpg,2,44
1317.jpg,0,6
1318.jpg,0,26
1319.jpg,1,22
1320.jpg,1,9
1321.jpg,2,76
1322.jpg,2,72
1323.jpg,1,38
1324.jpg,2,69
1325.jpg,0,75
1326.jpg,2,72
1327.jpg,1,32
1328.jpg,2,57
1329.jpg,2,66
1330.jpg,2,13
1331.jpg,2,71
1332.jpg,1,22
1333.jpg,1,70
1334.jpg,2,50
1335.jpg,1,31
1336.jpg,2,34
1337.jpg,2,43
1338.jpg,2,34
1339.jpg,2,35
1340.jpg,0,80
1341.jpg,2,76
1342.jpg,2,47
1343.jpg,1,17
1344.jpg,0,24
1345.jpg,1,37
1346.jpg,0,80
1347.jpg,0,16
1348.jpg,1,45
1349.jpg,1,2
1350.jpg,1,21
1351.jpg,1,9
1352.jpg,0,82
1353.jpg,0,16
1354.jpg,0,86
1355.jpg,2,34
1356.jpg,0,24
1357.jpg,2,69
1358.jpg,1,12
1359.jpg,0,24
1360.jpg,2,35
1361.jpg,2,67
1362.jpg,2,58
1363.jpg,2,43
1364.jpg,2,55
1365.jpg,1,79
1366.jpg,1,2
1367.jpg,1,18
1368.jpg,1,18
1369.jpg,2,55
1370.jpg,0,8
1371.jpg,1,22
1372.jpg,1,17
1373.jpg,1,7
1374.jpg,2,13
1375.jpg,1,22
1376.jpg,2,13
1377.jpg,1,2
1378.jpg,1,32
1379.jpg,2,76
1380.jpg,2,29
1381.jpg,1,22
1382.jpg,1,49
1383.jpg,1,65
1384.jpg,0,40
1385.jpg,1,46
1386.jpg,1,54
1387.jpg,0,14
1388.jpg,1,9
1389.jpg,2,43
1390.jpg,2,15
1391.jpg,1,0
1392.jpg,0,20
1393.jpg,0,5
1394.jpg,1,7
1395.jpg,0,83
1396.jpg,2,55
1397.jpg,1,7
1398.jpg,2,13
1399.jpg,2,67
1400.jpg,2,69
1401.jpg,0,83
1402.jpg,1,23
1403.jpg,1,70
1404.jpg,2,61
1405.jpg,2,61
1406.jpg,0,11
1407.jpg,2,52
1408.jpg,2,35
1409.jpg,2,34
1410.jpg,1,22
1411.jpg,2,71
1412.jpg,1,37
1413.jpg,2,35
1414.jpg,1,46
1415.jpg,0,4
1416.jpg,0,84
1417.jpg,1,10
1418.jpg,2,72
1419.jpg,1,54
1420.jpg,1,36
1421.jpg,0,5
1422.jpg,2,52
1423.jpg,0,84
1424.jpg,2,63
1425.jpg,1,62
1426.jpg,1,79
1427.jpg,2,57
1428.jpg,2,72
1429.jpg,2,58
1430.jpg,0,40
1431.jpg,0,5
1432.jpg,2,69
1433.jpg,2,58
1434.jpg,1,31
1435.jpg,0,4
1436.jpg,2,66
1437.jpg,1,31
1438.jpg,1,21
1439.jpg,0,20
1440.jpg,2,29
1441.jpg,1,37
1442.jpg,1,21
1443.jpg,0,14
1444.jpg,0,20
1445.jpg,0,4
1446.jpg,1,17
1447.jpg,0,78
1448.jpg,0,6
1449.jpg,2,29
1450.jpg,2,43
1451.jpg,1,70
1452.jpg,0,59
1453.jpg,2,81
1454.jpg,1,85
1455.jpg,0,80
1456.jpg,2,72
1457.jpg,1,31
1458.jpg,2,50
1459.jpg,1,64
1460.jpg,2,66
1461.jpg,2,44
1462.jpg,1,62
1463.jpg,2,44
1464.jpg,2,15
1465.jpg,2,63
1466.jpg,1,54
1467.jpg,0,75
1468.jpg,2,39
1469.jpg,2,13
1470.jpg,1,64
1471.jpg,1,32
1472.jpg,2,74
1473.jpg,0,4
1474.jpg,0,86
1475.jpg,0,4
1476.jpg,2,52
1477.jpg,2,66
1478.jpg,0,8
1479.jpg,0,24
1480.jpg,2,47
1481.jpg,0,14
1482.jpg,0,42
1483.jpg,2,74
1484.jpg,1,46
1485.jpg,1,46
1486.jpg,1,2
1487.jpg,2,72
1488.jpg,0,14
1489.jpg,2,69
1490.jpg,1,9
1491.jpg,2,39
1492.jpg,0,84
1493.jpg,1,37
1494.jpg,2,35
1495.jpg,1,18
1496.jpg,1,49
1497.jpg,0,73
1498.jpg,0,26
1499.jpg,1,18
1500.jpg,1,54
1501.jpg,2,54
1502.jpg,0,6
1503.jpg,1,7
1504.jpg,2,66
1505.jpg,0,51
1506.jpg,2,58
1507.jpg,0,40
1508.jpg,0,82
1509.jpg,0,82
1510.jpg,2,71
1511.jpg,2,43
1512.jpg,1,10
1513.jpg,2,48
1514.jpg,1,53
1515.jpg,2,57
1516.jpg,2,69
1517.jpg,0,26
1518.jpg,1,25
1519.jpg,0,80
1520.jpg,0,16
1521.jpg,2,71
1522.jpg,1,31
1523.jpg,1,37
1524.jpg,1,31
1525.jpg,1,62
1526.jpg,2,66
1527.jpg,2,58
1528.jpg,1,23
1529.jpg,1,18
1530.jpg,2,55
1531.jpg,2,66
1532.jpg,2,43
1533.jpg,1,22
1534.jpg,0,51
1535.jpg,0,82
1536.jpg,0,28
1537.jpg,1,37
1538.jpg,2,52
1539.jpg,0,60
1540.jpg,1,45
1541.jpg,1,38
1542.jpg,2,61
1543.jpg,2,63
1544.jpg,1,2
1545.jpg,0,73
1546.jpg,1,18
1547.jpg,0,78
1548.jpg,2,74
1549.jpg,0,83
1550.jpg,0,73
1551.jpg,1,53
1552.jpg,0,26
1553.jpg,0,5
1554.jpg,2,1
1555.jpg,2,71
1556.jpg,1,7
1557.jpg,1,36
1558.jpg,0,84
1559.jpg,2,57
1560.jpg,2,13
1561.jpg,1,85
1562.jpg,2,44
1563.jpg,0,84
1564.jpg,0,27
1565.jpg,1,62
1566.jpg,2,29
1567.jpg,0,24
1568.jpg,2,47
1569.jpg,2,63
1570.jpg,0,27
1571.jpg,1,10
1572.jpg,0,86
1573.jpg,1,62
1574.jpg,1,7
1575.jpg,1,49
1576.jpg,0,4
1577.jpg,1,38
1578.jpg,2,57
1579.jpg,2,29
1580.jpg,2,72
1581.jpg,0,24
1582.jpg,2,1
1583.jpg,2,52
1584.jpg,2,35
1585.jpg,1,62
1586.jpg,0,84
1587.jpg,2,47
1588.jpg,0,82
1589.jpg,2,61
1590.jpg,1,79
1591.jpg,0,4
1592.jpg,0,84
1593.jpg,1,49
1594.jpg,2,81
1595.jpg,0,59
1596.jpg,1,31
1597.jpg,1,21
1598.jpg,1,54
1599.jpg,2,68
1600.jpg,0,59
1601.jpg,1,0
1602.jpg,1,17
1603.jpg,1,64
1604.jpg,0,78
1605.jpg,2,76
1606.jpg,1,31
1607.jpg,1,22
1608.jpg,1,17
1609.jpg,0,82
1610.jpg,2,43
1611.jpg,1,54
1612.jpg,2,33
1613.jpg,1,65
1614.jpg,1,46
1615.jpg,0,27
1616.jpg,0,4
1617.jpg,0,59
1618.jpg,1,77
1619.jpg,0,30
1620.jpg,2,29
1621.jpg,2,68
1622.jpg,1,2
1623.jpg,0,80
1624.jpg,1,23
1625.jpg,0,24
1626.jpg,0,27
1627.jpg,0,28
1628.jpg,1,18
1629.jpg,2,43
1630.jpg,2,67
1631.jpg,0,86
1632.jpg,1,0
1633.jpg,0,20
1634.jpg,2,44
1635.jpg,2,67
1636.jpg,2,47
1637.jpg,1,53
1638.jpg,0,27
1639.jpg,0,60
1640.jpg,1,31
1641.jpg,1,45
1642.jpg,0,75
1643.jpg,2,3
1644.jpg,0,86
1645.jpg,1,2
1646.jpg,0,73
1647.jpg,0,59
1648.jpg,2,67
1649.jpg,2,47
1650.jpg,1,65
1651.jpg,0,30
1652.jpg,1,37
1653.jpg,2,69
1654.jpg,0,82
1655.jpg,2,52
1656.jpg,0,20
1657.jpg,2,50
1658.jpg,1,0
1659.jpg,1,49
1660.jpg,1,25
1661.jpg,2,47
1662.jpg,0,28
1663.jpg,0,28
1664.jpg,2,29
1665.jpg,0,16
1666.jpg,1,65
1667.jpg,2,29
1668.jpg,2,68
1669.jpg,1,77
1670.jpg,1,54
1671.jpg,0,75
1672.jpg,2,72
1673.jpg,2,39
1674.jpg,2,50
1675.jpg,2,1
1676.jpg,1,77
1677.jpg,0,51
1678.jpg,1,64
1679.jpg,2,58
1680.jpg,1,85
1681.jpg,0,24
1682.jpg,0,75
1683.jpg,2,50
1684.jpg,1,32
1685.jpg,1,70
1686.jpg,2,81
1687.jpg,1,7
1688.jpg,2,48
1689.jpg,2,52
1690.jpg,0,20
1691.jpg,2,44
1692.jpg,1,46
1693.jpg,1,85
1694.jpg,0,30
1695.jpg,0,40
1696.jpg,2,55
1697.jpg,2,58
1698.jpg,1,21
1699.jpg,2,43
1700.jpg,2,1
1701.jpg,1,23
1702.jpg,2,50
1703.jpg,2,71
1704.jpg,0,28
1705.jpg,1,64
1706.jpg,0,28
1707.jpg,2,50
1708.jpg,1,25
1709.jpg,1,49
1710.jpg,2,29
1711.jpg,1,37
1712.jpg,0,8
1713.jpg,2,76
1714.jpg,0,42
1715.jpg,2,13
1716.jpg,1,7
1717.jpg,2,71
1718.jpg,0,83
1719.jpg,2,71
1720.jpg,2,50
1721.jpg,1,7
1722.jpg,2,61
1723.jpg,1,17
1724.jpg,1,46
1725.jpg,1,25
1726.jpg,1,17
1727.jpg,2,50
1728.jpg,2,47
1729.jpg,1,36
1730.jpg,1,31
1731.jpg,1,22
1732.jpg,2,67
1733.jpg,2,76
1734.jpg,0,5
1735.jpg,1,25
1736.jpg,2,13
1737.jpg,0,41
1738.jpg,1,2
1739.jpg,1,37
1740.jpg,1,70
1741.jpg,2,48
1742.jpg,1,45
1743.jpg,1,62
1744.jpg,1,70
1745.jpg,2,29
1746.jpg,1,18
1747.jpg,2,3
1748.jpg,0,16
1749.jpg,2,33
1750.jpg,1,21
1751.jpg,0,16
1752.jpg,2,15
1753.jpg,0,26
1754.jpg,0,73
1755.jpg,1,62
1756.jpg,0,24
1757.jpg,1,21
1758.jpg,0,27
1759.jpg,1,18
1760.jpg,2,71
1761.jpg,2,76
1762.jpg,2,76
1763.jpg,2,48
1764.jpg,0,24
1765.jpg,2,44
1766.jpg,0,73
1767.jpg,1,79
1768.jpg,2,47
1769.jpg,1,38
1770.jpg,2,71
1771.jpg,0,80
1772.jpg,0,51
1773.jpg,2,34
1774.jpg,2,47
1775.jpg,0,41
1776.jpg,2,71
1777.jpg,2,58
1778.jpg,2,29
1779.jpg,2,48
1780.jpg,0,40
1781.jpg,0,28
1782.jpg,0,41
1783.jpg,2,47
1784.jpg,1,62
1785.jpg,1,22
1786.jpg,1,49
1787.jpg,1,70
1788.jpg,2,76
1789.jpg,0,14
1790.jpg,1,7
1791.jpg,2,50
1792.jpg,2,43
1793.jpg,0,73
1794.jpg,2,1
1795.jpg,0,83
1796.jpg,0,40
1797.jpg,2,29
1798.jpg,0,8
1799.jpg,2,29
1800.jpg,0,41
1801.jpg,2,47
1802.jpg,2,44
1803.jpg,0,24
1804.jpg,2,48
1805.jpg,1,36
1806.jpg,2,47
1807.jpg,2,39
1808.jpg,1,21
1809.jpg,1,25
1810.jpg,2,81
1811.jpg,2,67
1812.jpg,0,83
1813.jpg,0,40
1814.jpg,2,43
1815.jpg,2,43
1816.jpg,2,71
1817.jpg,0,4
1818.jpg,1,46
1819.jpg,2,66
1820.jpg,2,81
1821.jpg,1,7
1822.jpg,2,44
1823.jpg,1,77
1824.jpg,1,79
1825.jpg,1,46
1826.jpg,1,53
1827.jpg,2,53
1828.jpg,1,9
1829.jpg,1,49
1830.jpg,2,68
1831.jpg,2,61
1832.jpg,0,28
1833.jpg,0,27
1834.jpg,2,72
1835.jpg,1,45
1836.jpg,0,83
1837.jpg,1,77
1838.jpg,0,56
1839.jpg,1,79
1840.jpg,1,18
1841.jpg,2,66
1842.jpg,1,64
1843.jpg,2,72
1844.jpg,0,19
1845.jpg,1,36
1846.jpg,0,28
1847.jpg,1,36
1848.jpg,2,71
1849.jpg,2,69
1850.jpg,2,58
1851.jpg,1,64
1852.jpg,0,6
1853.jpg,1,65
1854.jpg,2,33
1855.jpg,0,41
1856.jpg,1,65
1857.jpg,1,22
1858.jpg,0,24
1859.jpg,2,63
1860.jpg,2,66
1861.jpg,1,17
1862.jpg,1,21
1863.jpg,2,63
1864.jpg,0,28
1865.jpg,2,47
1866.jpg,1,37
1867.jpg,2,15
1868.jpg,0,40
1869.jpg,0,24
1870.jpg,2,69
1871.jpg,0,30
1872.jpg,2,47
1873.jpg,0,80
1874.jpg,0,11
1875.jpg,0,84
1876.jpg,2,39
1877.jpg,0,6
1878.jpg,0,40
1879.jpg,2,81
1880.jpg,2,29
1881.jpg,1,9
1882.jpg,0,30
1883.jpg,1,45
1884.jpg,0,30
1885.jpg,2,35
1886.jpg,2,69
1887.jpg,0,24
1888.jpg,2,50
1889.jpg,2,47
1890.jpg,1,31
1891.jpg,2,63
1892.jpg,1,54
1893.jpg,2,81
1894.jpg,0,82
1895.jpg,1,0
1896.jpg,1,31
1897.jpg,2,63
1898.jpg,2,71
1899.jpg,2,29
1900.jpg,2,57
1901.jpg,0,26
1902.jpg,1,25
1903.jpg,1,2
1904.jpg,2,72
1905.jpg,2,58
1906.jpg,1,62
1907.jpg,1,77
1908.jpg,2,13
1909.jpg,2,3
1910.jpg,0,16
1911.jpg,2,61
1912.jpg,2,63
1913.jpg,1,21
1914.jpg,1,53
1915.jpg,0,30
1916.jpg,0,16
1917.jpg,0,80
1918.jpg,1,18
1919.jpg,0,24
1920.jpg,0,8
1921.jpg,1,17
1922.jpg,2,17
1923.jpg,1,53
1924.jpg,2,61
1925.jpg,2,33
1926.jpg,2,58
1927.jpg,1,21
1928.jpg,0,51
1929.jpg,1,17
1930.jpg,0,27
1931.jpg,1,49
1932.jpg,1,31
1933.jpg,2,52
1934.jpg,1,2
1935.jpg,2,55
1936.jpg,2,76
1937.jpg,2,67
1938.jpg,0,30
1939.jpg,1,22
1940.jpg,1,0
1941.jpg,1,7
1942.jpg,0,24
1943.jpg,1,18
1944.jpg,1,70
1945.jpg,2,3
1946.jpg,2,50
1947.jpg,0,84
1948.jpg,1,23
1949.jpg,0,51
1950.jpg,0,78
1951.jpg,0,27
1952.jpg,1,65
1953.jpg,1,18
1954.jpg,0,83
1955.jpg,2,72
1956.jpg,1,18
1957.jpg,1,49
1958.jpg,2,69
1959.jpg,1,79
1960.jpg,2,58
1961.jpg,2,44
1962.jpg,2,68
1963.jpg,1,7
1964.jpg,2,44
1965.jpg,2,50
1966.jpg,1,49
1967.jpg,2,66
1968.jpg,2,43
1969.jpg,2,29
1970.jpg,2,66
1971.jpg,0,30
1972.jpg,0,5
1973.jpg,1,64
1974.jpg,2,61
1975.jpg,2,58
1976.jpg,2,48
1977.jpg,0,27
1978.jpg,1,45
1979.jpg,2,35
1980.jpg,0,8
1981.jpg,0,42
1982.jpg,2,63
1983.jpg,0,82
1984.jpg,0,8
1985.jpg,2,43
1986.jpg,0,16
1987.jpg,0,86
1988.jpg,1,77
1989.jpg,2,58
1990.jpg,1,46
1991.jpg,2,69
1992.jpg,0,75
1993.jpg,0,6
1994.jpg,1,38
1995.jpg,1,22
1996.jpg,1,64
1997.jpg,0,28
1998.jpg,1,36
1999.jpg,1,49
2000.jpg,0,42
2001.jpg,2,81
2002.jpg,2,69
2003.jpg,0,4
2004.jpg,1,37
2005.jpg,2,15
2006.jpg,1,31
2007.jpg,2,1
2008.jpg,2,50
2009.jpg,2,67
2010.jpg,1,22
2011.jpg,1,77
2012.jpg,2,29
2013.jpg,1,21
2014.jpg,2,58
2015.jpg,0,84
2016.jpg,2,72
2017.jpg,2,63
2018.jpg,2,72
2019.jpg,2,43
2020.jpg,1,32
2021.jpg,2,15
2022.jpg,2,52
2023.jpg,0,28
2024.jpg,1,0
2025.jpg,0,5
2026.jpg,1,54
2027.jpg,1,22
2028.jpg,1,64
2029.jpg,2,3
2030.jpg,1,45
2031.jpg,0,60
2032.jpg,2,35
2033.jpg,1,9
2034.jpg,0,80
2035.jpg,1,49
2036.jpg,2,52
2037.jpg,2,81
2038.jpg,1,21
2039.jpg,2,39
2040.jpg,2,66
2041.jpg,2,33
2042.jpg,2,1
2043.jpg,2,13
2044.jpg,0,82
2045.jpg,1,31
2046.jpg,1,18
2047.jpg,1,22
2048.jpg,1,32
2049.jpg,2,3
2050.jpg,0,6
2051.jpg,2,81
2052.jpg,1,31
2053.jpg,0,14
2054.jpg,1,21
2055.jpg,1,22
2056.jpg,2,76
2057.jpg,2,69
2058.jpg,0,59
2059.jpg,2,63
2060.jpg,2,13
2061.jpg,0,20
2062.jpg,2,68
2063.jpg,1,85
2064.jpg,1,9
2065.jpg,2,3
2066.jpg,0,73
2067.jpg,2,47
2068.jpg,2,13
2069.jpg,1,31
2070.jpg,2,29
2071.jpg,2,1
2072.jpg,1,37
2073.jpg,2,63
2074.jpg,2,57
2075.jpg,2,13
2076.jpg,2,1
2077.jpg,2,76
2078.jpg,2,66
2079.jpg,2,47
2080.jpg,1,49
2081.jpg,0,28
2082.jpg,2,3
2083.jpg,1,10
2084.jpg,1,64
2085.jpg,0,60
2086.jpg,2,66
2087.jpg,0,27
2088.jpg,2,58
2089.jpg,0,6
2090.jpg,0,51
2091.jpg,1,46
2092.jpg,0,6
2093.jpg,2,63
2094.jpg,0,4
2095.jpg,1,36
2096.jpg,2,35
2097.jpg,1,17
2098.jpg,2,72
2099.jpg,1,0
2100.jpg,1,18
2101.jpg,2,47
2102.jpg,1,21
2103.jpg,1,31
2104.jpg,1,65
2105.jpg,1,62
2106.jpg,1,77
2107.jpg,2,55
2108.jpg,1,7
2109.jpg,0,6
2110.jpg,0,78
2111.jpg,1,7
2112.jpg,2,57
2113.jpg,1,53
2114.jpg,0,4
2115.jpg,2,76
2116.jpg,1,36
2117.jpg,1,37
2118.jpg,0,30
2119.jpg,2,58
2120.jpg,1,79
2121.jpg,1,64
2122.jpg,2,69
2123.jpg,2,58
2124.jpg,2,50
2125.jpg,0,20
2126.jpg,1,31
2127.jpg,2,69
2128.jpg,2,57
2129.jpg,1,7
2130.jpg,2,39
2131.jpg,0,82
2132.jpg,0,60
2133.jpg,1,85
2134.jpg,1,70
2135.jpg,1,49
2136.jpg,2,66
2137.jpg,1,62
2138.jpg,0,11
2139.jpg,0,28
2140.jpg,2,72
2141.jpg,1,0
2142.jpg,1,54
2143.jpg,1,53
2144.jpg,0,11
2145.jpg,0,6
2146.jpg,2,67
2147.jpg,2,61
2148.jpg,1,45
2149.jpg,0,20
2150.jpg,0,16
2151.jpg,2,1
2152.jpg,0,8
2153.jpg,2,55
2154.jpg,0,6
2155.jpg,0,75
2156.jpg,0,75
2157.jpg,2,61
2158.jpg,0,4
2159.jpg,1,2
2160.jpg,0,4
2161.jpg,0,30
2162.jpg,2,57
2163.jpg,0,8
2164.jpg,0,59
2165.jpg,2,72
2166.jpg,2,29
2167.jpg,1,62
2168.jpg,0,24
2169.jpg,0,84
2170.jpg,1,46
2171.jpg,1,62
2172.jpg,1,21
2173.jpg,1,85
2174.jpg,1,7
2175.jpg,2,61
2176.jpg,1,37
2177.jpg,1,70
2178.jpg,0,60
2179.jpg,0,24
2180.jpg,1,32
2181.jpg,0,26
2182.jpg,0,20
2183.jpg,2,76
2184.jpg,0,14
2185.jpg,2,55
2186.jpg,1,46
2187.jpg,2,1
2188.jpg,2,57
2189.jpg,2,57
2190.jpg,1,85
2191.jpg,2,85
2192.jpg,1,54
2193.jpg,2,33
2194.jpg,1,7
2195.jpg,2,7
2196.jpg,0,59
2197.jpg,2,59
2198.jpg,2,52
2199.jpg,2,34
2200.jpg,0,20
2201.jpg,1,65
2202.jpg,2,47
2203.jpg,1,70
2204.jpg,1,49
2205.jpg,1,22
2206.jpg,2,34
2207.jpg,1,12
2208.jpg,0,80
2209.jpg,2,52
2210.jpg,2,52
2211.jpg,2,63
2212.jpg,0,6
2213.jpg,2,81
2214.jpg,0,40
2215.jpg,1,31
2216.jpg,2,61
2217.jpg,2,61
2218.jpg,1,21
2219.jpg,1,18
2220.jpg,2,50
2221.jpg,2,33
2222.jpg,2,43
2223.jpg,1,64
2224.jpg,0,8
2225.jpg,2,69
2226.jpg,1,45
2227.jpg,0,26
2228.jpg,2,67
2229.jpg,0,28
2230.jpg,1,37
2231.jpg,1,36
2232.jpg,1,17
2233.jpg,2,33
2234.jpg,2,67
2235.jpg,0,11
2236.jpg,2,66
2237.jpg,1,38
2238.jpg,0,5
2239.jpg,0,51
2240.jpg,0,5
2241.jpg,2,55
2242.jpg,2,47
2243.jpg,1,45
2244.jpg,1,46
2245.jpg,0,40
2246.jpg,2,66
2247.jpg,0,83
2248.jpg,1,10
2249.jpg,2,57
2250.jpg,0,42
2251.jpg,0,75
2252.jpg,2,47
2253.jpg,0,14
2254.jpg,1,10
2255.jpg,1,31
2256.jpg,2,43
2257.jpg,0,27
2258.jpg,0,30
2259.jpg,1,45
2260.jpg,2,43
2261.jpg,0,6
2262.jpg,2,76
2263.jpg,2,35
2264.jpg,2,81
2265.jpg,1,25
2266.jpg,0,41
2267.jpg,0,28
2268.jpg,1,21
2269.jpg,1,79
2270.jpg,2,50
2271.jpg,1,36
2272.jpg,1,79
2273.jpg,0,56
2274.jpg,2,50
2275.jpg,0,51
2276.jpg,2,67
2277.jpg,1,79
2278.jpg,1,54
2279.jpg,1,70
2280.jpg,0,60
2281.jpg,2,66
2282.jpg,1,54
2283.jpg,0,84
2284.jpg,2,1
2285.jpg,0,24
2286.jpg,0,75
2287.jpg,2,72
2288.jpg,0,8
2289.jpg,1,36
2290.jpg,0,56
2291.jpg,2,67
2292.jpg,1,54
2293.jpg,2,29
2294.jpg,0,8
2295.jpg,0,75
2296.jpg,0,20
2297.jpg,0,8
2298.jpg,2,58
2299.jpg,2,58
2300.jpg,0,78
2301.jpg,0,4
2302.jpg,2,1
2303.jpg,2,35
2304.jpg,1,36
2305.jpg,2,43
2306.jpg,2,81
2307.jpg,2,1
2308.jpg,1,7
2309.jpg,0,20
2310.jpg,2,61
2311.jpg,2,44
2312.jpg,1,65
2313.jpg,0,24
2314.jpg,0,82
2315.jpg,2,47
2316.jpg,1,37
2317.jpg,2,61
2318.jpg,2,48
2319.jpg,1,64
2320.jpg,1,49
2321.jpg,1,22
2322.jpg,2,58
2323.jpg,0,26
2324.jpg,1,32
2325.jpg,0,24
2326.jpg,1,54
2327.jpg,1,37
2328.jpg,1,65
2329.jpg,2,33
2330.jpg,2,3
2331.jpg,1,25
2332.jpg,0,40
2333.jpg,1,37
2334.jpg,0,20
2335.jpg,2,61
2336.jpg,1,64
2337.jpg,1,17
2338.jpg,2,52
2339.jpg,0,14
2340.jpg,2,72
2341.jpg,0,28
2342.jpg,1,21
2343.jpg,2,50
2344.jpg,0,56
2345.jpg,1,7
2346.jpg,2,35
2347.jpg,2,50
2348.jpg,1,25
2349.jpg,2,43
2350.jpg,2,66
2351.jpg,1,7
2352.jpg,1,10
2353.jpg,2,35
2354.jpg,0,59
2355.jpg,2,47
2356.jpg,2,3
2357.jpg,1,23
2358.jpg,2,66
2359.jpg,0,75
2360.jpg,2,81
2361.jpg,1,22
2362.jpg,1,49
2363.jpg,0,24
2364.jpg,0,26
2365.jpg,0,6
2366.jpg,0,83
2367.jpg,0,27
2368.jpg,0,78
2369.jpg,0,75
2370.jpg,2,43
2371.jpg,1,31
2372.jpg,0,24
2373.jpg,2,35
2374.jpg,2,13
2375.jpg,2,69
2376.jpg,0,42
2377.jpg,1,32
2378.jpg,0,28
2379.jpg,0,27
2380.jpg,1,49
2381.jpg,2,47
2382.jpg,2,61
2383.jpg,0,28
2384.jpg,2,43
2385.jpg,0,60
2386.jpg,0,11
2387.jpg,0,82
2388.jpg,2,81
2389.jpg,2,43
2390.jpg,2,61
2391.jpg,1,7
2392.jpg,2,48
2393.jpg,1,64
2394.jpg,0,73
2395.jpg,2,72
2396.jpg,1,0
2397.jpg,2,44
2398.jpg,0,6
2399.jpg,1,70
2400.jpg,2,55
2401.jpg,2,58
2402.jpg,1,37
2403.jpg,0,59
2404.jpg,0,51
2405.jpg,2,61
2406.jpg,2,57
2407.jpg,0,19
2408.jpg,1,62
2409.jpg,1,62
2410.jpg,0,30
2411.jpg,2,43
2412.jpg,2,47
2413.jpg,2,58
2414.jpg,1,32
2415.jpg,2,63
2416.jpg,0,20
2417.jpg,0,30
2418.jpg,0,83
2419.jpg,1,65
2420.jpg,2,1
2421.jpg,2,58
2422.jpg,0,30
2423.jpg,2,69
2424.jpg,1,62
2425.jpg,2,58
2426.jpg,2,67
2427.jpg,1,12
2428.jpg,1,64
2429.jpg,0,51
2430.jpg,1,38
2431.jpg,2,52
2432.jpg,1,53
2433.jpg,1,17
2434.jpg,2,66
2435.jpg,0,78
2436.jpg,2,35
2437.jpg,1,77
2438.jpg,0,30
2439.jpg,0,20
2440.jpg,1,64
2441.jpg,1,37
2442.jpg,1,23
2443.jpg,0,78
2444.jpg,0,84
2445.jpg,0,84
2446.jpg,0,84
2447.jpg,0,6
2448.jpg,0,40
2449.jpg,2,63
2450.jpg,1,64
2451.jpg,2,47
2452.jpg,0,4
2453.jpg,2,63
2454.jpg,0,73
2455.jpg,0,51
2456.jpg,0,30
2457.jpg,2,61
2458.jpg,2,72
2459.jpg,0,30
2460.jpg,1,31
2461.jpg,0,56
2462.jpg,2,50
2463.jpg,1,12
2464.jpg,2,55
2465.jpg,0,73
2466.jpg,0,75
2467.jpg,1,54
2468.jpg,1,64
2469.jpg,2,52
2470.jpg,1,85
2471.jpg,2,57
2472.jpg,0,84
2473.jpg,2,15
2474.jpg,0,28
2475.jpg,1,32
2476.jpg,0,84
2477.jpg,1,22
2478.jpg,2,3
2479.jpg,2,47
2480.jpg,0,40
2481.jpg,1,37
2482.jpg,2,44
2483.jpg,2,57
2484.jpg,2,63
2485.jpg,2,68
2486.jpg,0,24
2487.jpg,2,72
2488.jpg,0,8
2489.jpg,2,34
2490.jpg,0,6
2491.jpg,0,8
2492.jpg,2,71
2493.jpg,1,9
2494.jpg,0,19
2495.jpg,1,70
2496.jpg,1,64
2497.jpg,1,37
2498.jpg,2,29
2499.jpg,1,70
2500.jpg,1,22
2501.jpg,0,6
2502.jpg,0,75
2503.jpg,2,57
2504.jpg,0,60
2505.jpg,2,71
2506.jpg,1,21
2507.jpg,1,79
2508.jpg,2,1
2509.jpg,1,21
2510.jpg,0,28
2511.jpg,2,63
2512.jpg,1,37
2513.jpg,1,18
2514.jpg,2,52
2515.jpg,1,12
2516.jpg,1,70
2517.jpg,1,54
2518.jpg,2,61
2519.jpg,2,50
2520.jpg,0,4
2521.jpg,1,45
2522.jpg,1,70
2523.jpg,2,55
2524.jpg,1,17
2525.jpg,0,40
2526.jpg,1,65
2527.jpg,1,70
2528.jpg,1,2
2529.jpg,1,18
2530.jpg,0,51
2531.jpg,0,28
2532.jpg,2,50
2533.jpg,2,39
2534.jpg,2,50
2535.jpg,1,85
2536.jpg,1,36
2537.jpg,2,67
2538.jpg,2,1
2539.jpg,0,75
2540.jpg,0,41
2541.jpg,1,31
2542.jpg,1,25
2543.jpg,1,65
2544.jpg,0,59
2545.jpg,2,61
2546.jpg,1,37
2547.jpg,1,79
2548.jpg,2,79
2549.jpg,0,80
2550.jpg,0,24
2551.jpg,1,46
2552.jpg,2,43
2553.jpg,2,29
2554.jpg,1,65
2555.jpg,0,41
2556.jpg,2,76
2557.jpg,0,83
2558.jpg,0,16
2559.jpg,1,18
2560.jpg,1,10
2561.jpg,2,35
2562.jpg,2,71
2563.jpg,2,47
2564.jpg,1,46
2565.jpg,0,59
2566.jpg,2,35
2567.jpg,1,38
2568.jpg,0,20
2569.jpg,2,63
2570.jpg,1,65
2571.jpg,0,59
2572.jpg,0,24
2573.jpg,0,28
2574.jpg,1,18
2575.jpg,2,18
2576.jpg,2,57
2577.jpg,1,21
2578.jpg,2,21
2579.jpg,2,39
2580.jpg,1,46
2581.jpg,0,73
2582.jpg,2,81
2583.jpg,0,20
2584.jpg,2,71
2585.jpg,1,7
2586.jpg,2,1
2587.jpg,2,44
2588.jpg,0,8
2589.jpg,2,71
2590.jpg,2,43
2591.jpg,2,47
2592.jpg,0,19
2593.jpg,0,19
2594.jpg,0,86
2595.jpg,0,59
2596.jpg,1,10
2597.jpg,1,31
2598.jpg,0,59
2599.jpg,0,24
2600.jpg,0,78
2601.jpg,2,69
2602.jpg,0,30
2603.jpg,2,35
2604.jpg,0,30
2605.jpg,1,36
2606.jpg,0,75
2607.jpg,0,19
2608.jpg,1,23
2609.jpg,0,75
2610.jpg,2,34
2611.jpg,1,70
2612.jpg,2,61
2613.jpg,0,84
2614.jpg,0,41
2615.jpg,1,85
2616.jpg,1,18
2617.jpg,1,65
2618.jpg,2,3
2619.jpg,2,3
2620.jpg,0,84
2621.jpg,1,37
2622.jpg,0,86
2623.jpg,0,24
2624.jpg,2,74
2625.jpg,1,7
2626.jpg,2,68
2627.jpg,1,49
2628.jpg,0,56
2629.jpg,2,33
2630.jpg,2,81
2631.jpg,1,17
2632.jpg,1,85
2633.jpg,0,26
2634.jpg,2,50
2635.jpg,1,22
2636.jpg,1,62
2637.jpg,2,39
2638.jpg,0,30
2639.jpg,0,28
2640.jpg,2,58
2641.jpg,1,53
2642.jpg,1,70
2643.jpg,0,80
2644.jpg,0,84
2645.jpg,1,0
2646.jpg,0,28
2647.jpg,0,26
2648.jpg,0,27
2649.jpg,0,19
2650.jpg,1,65
2651.jpg,2,3
2652.jpg,1,25
2653.jpg,2,72
2654.jpg,2,72
2655.jpg,1,32
2656.jpg,1,32
2657.jpg,2,74
2658.jpg,1,0
2659.jpg,2,55
2660.jpg,0,30
2661.jpg,1,21
2662.jpg,0,75
2663.jpg,1,21
2664.jpg,0,59
2665.jpg,2,67
2666.jpg,0,28
2667.jpg,1,31
2668.jpg,1,36
2669.jpg,2,52
2670.jpg,0,40
2671.jpg,2,72
2672.jpg,0,26
2673.jpg,2,29
2674.jpg,1,32
2675.jpg,0,28
2676.jpg,1,65
2677.jpg,2,52
2678.jpg,2,74
2679.jpg,0,82
2680.jpg,1,9
2681.jpg,1,49
2682.jpg,1,36
2683.jpg,2,39
2684.jpg,2,34
2685.jpg,0,86
2686.jpg,1,65
2687.jpg,2,72
2688.jpg,0,51
2689.jpg,1,46
2690.jpg,2,46
2691.jpg,0,40
2692.jpg,0,4
2693.jpg,1,45
2694.jpg,2,50
2695.jpg,2,3
2696.jpg,0,83
2697.jpg,1,77
2698.jpg,1,49
2699.jpg,2,58
2700.jpg,1,18
2701.jpg,1,46
2702.jpg,1,70
2703.jpg,1,7
2704.jpg,0,84
2705.jpg,0,80
2706.jpg,1,70
2707.jpg,2,35
2708.jpg,0,30
2709.jpg,2,33
2710.jpg,1,49
2711.jpg,0,5
2712.jpg,0,20
2713.jpg,1,79
2714.jpg,2,57
2715.jpg,2,72
2716.jpg,1,65
2717.jpg,2,35
2718.jpg,1,64
2719.jpg,2,52
2720.jpg,1,46
2721.jpg,0,27
2722.jpg,1,65
2723.jpg,0,40
2724.jpg,1,70
2725.jpg,1,22
2726.jpg,2,13
2727.jpg,0,28
2728.jpg,2,69
2729.jpg,1,23
2730.jpg,1,70
2731.jpg,0,59
2732.jpg,2,1
2733.jpg,2,44
2734.jpg,2,58
2735.jpg,1,32
2736.jpg,1,31
2737.jpg,1,65
2738.jpg,1,64
2739.jpg,1,85
2740.jpg,1,53
2741.jpg,0,41
2742.jpg,2,69
2743.jpg,0,78
2744.jpg,0,75
2745.jpg,2,63
2746.jpg,0,5
2747.jpg,0,4
2748.jpg,2,67
2749.jpg,2,3
2750.jpg,2,50
2751.jpg,2,63
2752.jpg,1,18
2753.jpg,2,50
2754.jpg,2,71
2755.jpg,2,57
2756.jpg,2,76
2757.jpg,1,46
2758.jpg,2,58
2759.jpg,1,38
2760.jpg,2,34
2761.jpg,2,55
2762.jpg,0,82
2763.jpg,2,29
2764.jpg,1,21
2765.jpg,0,27
2766.jpg,2,72
2767.jpg,0,30
2768.jpg,0,41
2769.jpg,2,81
2770.jpg,0,73
2771.jpg,1,54
2772.jpg,1,37
2773.jpg,2,81
2774.jpg,2,52
2775.jpg,0,56
2776.jpg,0,80
2777.jpg,0,56
2778.jpg,0,20
2779.jpg,0,80
2780.jpg,2,34
2781.jpg,1,65
2782.jpg,2,69
2783.jpg,1,49
2784.jpg,2,35
2785.jpg,0,27
2786.jpg,2,52
2787.jpg,1,31
2788.jpg,0,86
2789.jpg,0,82
2790.jpg,2,76
2791.jpg,0,30
2792.jpg,0,4
2793.jpg,0,84
2794.jpg,2,76
2795.jpg,1,0
2796.jpg,1,21
2797.jpg,1,46
2798.jpg,2,61
2799.jpg,0,8
2800.jpg,0,24
2801.jpg,1,62
2802.jpg,1,31
2803.jpg,2,61
2804.jpg,0,75
2805.jpg,2,58
2806.jpg,2,81
2807.jpg,2,43
2808.jpg,2,39
2809.jpg,0,26
2810.jpg,2,33
2811.jpg,1,38
2812.jpg,0,30
2813.jpg,1,79
2814.jpg,0,28
2815.jpg,0,27
2816.jpg,1,36
2817.jpg,1,36
2818.jpg,2,47
2819.jpg,2,43
2820.jpg,2,43
2821.jpg,0,24
2822.jpg,2,68
2823.jpg,2,63
2824.jpg,2,72
2825.jpg,0,26
2826.jpg,2,76
2827.jpg,0,56
2828.jpg,2,61
2829.jpg,2,74
2830.jpg,2,81
2831.jpg,1,7
2832.jpg,0,59
2833.jpg,1,70
2834.jpg,2,50
2835.jpg,0,41
2836.jpg,0,28
2837.jpg,1,7
2838.jpg,1,9
2839.jpg,0,51
2840.jpg,2,76
2841.jpg,0,4
2842.jpg,2,29
2843.jpg,2,81
2844.jpg,0,4
2845.jpg,2,74
2846.jpg,1,54
2847.jpg,2,68
2848.jpg,2,76
2849.jpg,1,37
2850.jpg,0,19
2851.jpg,2,29
2852.jpg,1,70
2853.jpg,2,57
2854.jpg,0,83
2855.jpg,0,6
2856.jpg,2,71
2857.jpg,0,8
2858.jpg,1,85
2859.jpg,2,72
2860.jpg,1,36
2861.jpg,2,13
2862.jpg,1,77
2863.jpg,1,65
2864.jpg,1,7
2865.jpg,2,57
2866.jpg,1,17
2867.jpg,1,22
2868.jpg,0,27
2869.jpg,0,51
2870.jpg,2,50
2871.jpg,2,71
2872.jpg,0,84
2873.jpg,1,21
2874.jpg,1,70
2875.jpg,1,22
2876.jpg,2,71
2877.jpg,1,64
2878.jpg,2,35
2879.jpg,1,53
2880.jpg,0,86
2881.jpg,2,71
2882.jpg,2,76
2883.jpg,0,6
2884.jpg,0,83
2885.jpg,2,66
2886.jpg,2,69
2887.jpg,1,45
2888.jpg,0,84
2889.jpg,0,24
2890.jpg,1,0
2891.jpg,1,70
2892.jpg,0,41
2893.jpg,2,47
2894.jpg,2,1
2895.jpg,1,65
2896.jpg,0,6
2897.jpg,2,81
2898.jpg,1,22
2899.jpg,2,72
2900.jpg,2,48
2901.jpg,0,27
2902.jpg,1,9
2903.jpg,0,84
2904.jpg,1,49
2905.jpg,0,24
2906.jpg,1,31
2907.jpg,1,2
2908.jpg,1,0
2909.jpg,2,69
2910.jpg,2,76
2911.jpg,1,64
2912.jpg,0,5
2913.jpg,2,66
2914.jpg,2,33
2915.jpg,2,57
2916.jpg,2,50
2917.jpg,1,45
2918.jpg,0,24
2919.jpg,2,58
2920.jpg,2,50
2921.jpg,1,49
2922.jpg,2,15
2923.jpg,0,5
2924.jpg,0,14
2925.jpg,1,22
2926.jpg,2,1
2927.jpg,0,75
2928.jpg,0,82
2929.jpg,2,71
2930.jpg,2,48
2931.jpg,0,75
2932.jpg,0,28
2933.jpg,0,75
2934.jpg,1,18
2935.jpg,1,53
2936.jpg,1,46
2937.jpg,2,33
2938.jpg,0,30
2939.jpg,2,44
2940.jpg,0,20
2941.jpg,2,68
2942.jpg,0,75
2943.jpg,0,60
2944.jpg,2,63
2945.jpg,0,27
2946.jpg,2,29
2947.jpg,1,10
2948.jpg,1,22
2949.jpg,2,57
2950.jpg,1,77
2951.jpg,1,64
2952.jpg,0,11
2953.jpg,0,51
2954.jpg,0,24
2955.jpg,0,11
2956.jpg,0,30
2957.jpg,1,79
2958.jpg,0,24
2959.jpg,0,27
2960.jpg,2,47
2961.jpg,2,61
2962.jpg,0,11
2963.jpg,1,18
2964.jpg,0,4
2965.jpg,1,2
2966.jpg,0,8
2967.jpg,1,85
2968.jpg,0,24
2969.jpg,2,81
2970.jpg,2,39
2971.jpg,1,49
2972.jpg,2,29
2973.jpg,2,48
2974.jpg,2,15
2975.jpg,2,50
2976.jpg,1,22
2977.jpg,0,75
2978.jpg,1,32
2979.jpg,0,11
2980.jpg,1,70
2981.jpg,2,76
2982.jpg,1,31
2983.jpg,1,49
2984.jpg,0,40
2985.jpg,0,4
2986.jpg,1,46
2987.jpg,1,64
2988.jpg,0,51
2989.jpg,1,46
2990.jpg,2,69
2991.jpg,0,73
2992.jpg,0,84
2993.jpg,0,16
2994.jpg,1,65
2995.jpg,0,28
2996.jpg,2,71
2997.jpg,1,7
2998.jpg,2,58
2999.jpg,0,82
3000.jpg,0,75
3001.jpg,0,83
3002.jpg,2,63
3003.jpg,1,36
3004.jpg,1,62
3005.jpg,0,27
3006.jpg,2,34
3007.jpg,2,69
3008.jpg,1,62
3009.jpg,1,64
3010.jpg,1,0
3011.jpg,0,84
3012.jpg,1,77
3013.jpg,1,23
3014.jpg,0,24
3015.jpg,1,7
3016.jpg,0,41
3017.jpg,2,76
3018.jpg,1,70
3019.jpg,0,16
3020.jpg,1,22
3021.jpg,1,10
3022.jpg,1,17
3023.jpg,0,16
3024.jpg,1,12
3025.jpg,1,12
3026.jpg,0,42
3027.jpg,2,71
3028.jpg,2,69
3029.jpg,0,84
3030.jpg,2,66
3031.jpg,1,36
3032.jpg,0,51
3033.jpg,2,57
3034.jpg,1,79
3035.jpg,2,81
3036.jpg,2,1
3037.jpg,2,76
3038.jpg,0,80
3039.jpg,2,66
3040.jpg,2,43
3041.jpg,2,72
3042.jpg,2,43
3043.jpg,1,49
3044.jpg,2,43
3045.jpg,1,7
3046.jpg,0,4
3047.jpg,0,41
3048.jpg,1,22
3049.jpg,2,22
3050.jpg,2,63
3051.jpg,1,70
3052.jpg,2,67
3053.jpg,0,75
3054.jpg,2,34
3055.jpg,0,8
3056.jpg,0,56
3057.jpg,0,51
3058.jpg,0,14
3059.jpg,0,82
3060.jpg,0,75
3061.jpg,2,29
3062.jpg,1,22
3063.jpg,0,11
3064.jpg,1,37
3065.jpg,1,36
3066.jpg,1,45
3067.jpg,1,79
3068.jpg,2,57
3069.jpg,1,46
3070.jpg,0,75
3071.jpg,0,11
3072.jpg,2,52
3073.jpg,2,13
3074.jpg,2,55
3075.jpg,2,50
3076.jpg,2,76
3077.jpg,0,51
3078.jpg,1,12
3079.jpg,0,11
3080.jpg,2,44
3081.jpg,1,17
3082.jpg,0,84
3083.jpg,0,19
3084.jpg,1,85
3085.jpg,2,33
3086.jpg,1,49
3087.jpg,0,24
3088.jpg,1,31
3089.jpg,1,64
3090.jpg,2,66
3091.jpg,0,59
3092.jpg,1,36
3093.jpg,2,63
3094.jpg,2,35
3095.jpg,2,58
3096.jpg,2,35
3097.jpg,1,9
3098.jpg,1,49
3099.jpg,2,49
3100.jpg,2,49
3101.jpg,2,74
3102.jpg,1,62
3103.jpg,0,6
3104.jpg,1,9
3105.jpg,1,64
3106.jpg,1,21
3107.jpg,0,20
3108.jpg,2,55
3109.jpg,0,4
3110.jpg,0,73
3111.jpg,2,47
3112.jpg,1,70
3113.jpg,0,83
3114.jpg,1,21
3115.jpg,1,45
3116.jpg,1,2
3117.jpg,1,46
3118.jpg,1,22
3119.jpg,2,47
3120.jpg,0,75
3121.jpg,2,81
3122.jpg,2,55
3123.jpg,0,19
3124.jpg,2,63
3125.jpg,2,34
3126.jpg,0,24
3127.jpg,2,61
3128.jpg,2,69
3129.jpg,0,30
3130.jpg,1,32
3131.jpg,2,58
3132.jpg,1,23
3133.jpg,0,11
3134.jpg,2,76
3135.jpg,0,19
3136.jpg,0,41
3137.jpg,1,21
3138.jpg,1,17
3139.jpg,2,61
3140.jpg,1,10
3141.jpg,1,7
3142.jpg,1,36
3143.jpg,0,30
3144.jpg,1,54
3145.jpg,0,30
3146.jpg,1,46
3147.jpg,1,46
3148.jpg,2,61
3149.jpg,0,75
3150.jpg,2,76
3151.jpg,1,45
3152.jpg,2,50
3153.jpg,1,85
3154.jpg,0,78
3155.jpg,2,47
3156.jpg,2,13
3157.jpg,2,44
3158.jpg,0,27
3159.jpg,0,56
3160.jpg,2,47
3161.jpg,1,18
3162.jpg,0,75
3163.jpg,1,45
3164.jpg,2,57
3165.jpg,1,10
3166.jpg,2,29
3167.jpg,0,27
3168.jpg,0,4
3169.jpg,0,82
3170.jpg,2,1
3171.jpg,1,77
3172.jpg,0,19
3173.jpg,1,18
3174.jpg,1,79
3175.jpg,1,0
3176.jpg,1,12
3177.jpg,1,7
3178.jpg,0,41
3179.jpg,2,67
3180.jpg,2,43
3181.jpg,0,19
3182.jpg,2,58
3183.jpg,2,13
3184.jpg,1,31
3185.jpg,0,5
3186.jpg,2,57
3187.jpg,2,43
3188.jpg,2,81
3189.jpg,1,85
3190.jpg,0,16
3191.jpg,1,10
3192.jpg,1,2
3193.jpg,0,75
3194.jpg,1,65
3195.jpg,1,70
3196.jpg,0,19
3197.jpg,1,62
3198.jpg,1,46
3199.jpg,0,19
3200.jpg,2,1
3201.jpg,0,56
3202.jpg,0,4
3203.jpg,0,84
3204.jpg,2,52
3205.jpg,1,7
3206.jpg,1,70
3207.jpg,1,21
3208.jpg,0,6
3209.jpg,1,36
3210.jpg,2,29
3211.jpg,2,74
3212.jpg,1,22
3213.jpg,1,10
3214.jpg,1,70
3215.jpg,0,40
3216.jpg,2,35
3217.jpg,0,60
3218.jpg,0,27
3219.jpg,0,28
3220.jpg,0,73
3221.jpg,1,21
3222.jpg,0,73
3223.jpg,0,51
3224.jpg,1,49
3225.jpg,2,71
3226.jpg,2,66
3227.jpg,0,78
3228.jpg,2,29
3229.jpg,2,34
3230.jpg,1,37
3231.jpg,1,62
3232.jpg,1,25
3233.jpg,1,23
3234.jpg,1,62
3235.jpg,1,18
3236.jpg,2,58
3237.jpg,0,24
3238.jpg,1,22
3239.jpg,2,76
3240.jpg,1,21
3241.jpg,1,36
3242.jpg,2,57
3243.jpg,2,72
3244.jpg,2,57
3245.jpg,1,12
3246.jpg,2,72
3247.jpg,1,10
3248.jpg,2,50
3249.jpg,1,70
3250.jpg,1,46
3251.jpg,2,48
3252.jpg,1,65
3253.jpg,2,39
3254.jpg,2,1
3255.jpg,2,33
3256.jpg,0,11
3257.jpg,2,3
3258.jpg,2,81
3259.jpg,0,59
3260.jpg,1,12
3261.jpg,2,33
3262.jpg,0,11
3263.jpg,2,72
3264.jpg,0,5
3265.jpg,0,5
3266.jpg,0,4
3267.jpg,1,77
3268.jpg,2,29
3269.jpg,1,17
3270.jpg,1,25
3271.jpg,1,22
3272.jpg,1,37
3273.jpg,1,37
3274.jpg,0,28
3275.jpg,1,36
3276.jpg,1,36
3277.jpg,1,10
3278.jpg,2,71
3279.jpg,1,21
3280.jpg,0,14
3281.jpg,0,8
3282.jpg,0,83
3283.jpg,0,82
3284.jpg,1,18
3285.jpg,0,16
3286.jpg,1,21
3287.jpg,1,36
3288.jpg,2,68
3289.jpg,1,21
3290.jpg,1,22
3291.jpg,1,12
3292.jpg,2,12
3293.jpg,2,48
3294.jpg,1,22
3295.jpg,1,49
3296.jpg,0,26
3297.jpg,0,20
3298.jpg,1,12
3299.jpg,1,85
3300.jpg,2,63
3301.jpg,2,61
3302.jpg,2,76
3303.jpg,2,69
3304.jpg,0,6
3305.jpg,1,37
3306.jpg,0,51
3307.jpg,0,83
3308.jpg,1,32
3309.jpg,1,36
3310.jpg,2,47
3311.jpg,2,43
3312.jpg,1,36
3313.jpg,1,21
3314.jpg,2,1
3315.jpg,0,84
3316.jpg,1,46
3317.jpg,2,47
3318.jpg,0,4
3319.jpg,1,62
3320.jpg,2,50
3321.jpg,1,49
3322.jpg,1,18
3323.jpg,0,42
3324.jpg,0,24
3325.jpg,1,0
3326.jpg,2,76
3327.jpg,1,37
3328.jpg,0,60
3329.jpg,2,1
3330.jpg,2,35
3331.jpg,0,41
3332.jpg,2,63
3333.jpg,2,43
3334.jpg,1,37
3335.jpg,0,80
3336.jpg,1,64
3337.jpg,2,81
3338.jpg,0,82
3339.jpg,1,77
3340.jpg,0,8
3341.jpg,2,57
3342.jpg,2,47
3343.jpg,2,68
3344.jpg,2,66
3345.jpg,2,66
3346.jpg,2,63
3347.jpg,0,27
3348.jpg,2,66
3349.jpg,2,68
3350.jpg,2,50
3351.jpg,1,62
3352.jpg,0,78
3353.jpg,0,16
3354.jpg,0,41
3355.jpg,1,38
3356.jpg,1,64
3357.jpg,2,52
3358.jpg,0,56
3359.jpg,2,39
3360.jpg,2,35
3361.jpg,2,50
3362.jpg,0,78
3363.jpg,2,81
3364.jpg,0,30
3365.jpg,0,4
3366.jpg,1,38
3367.jpg,1,46
3368.jpg,0,27
3369.jpg,2,52
3370.jpg,2,63
3371.jpg,0,83
3372.jpg,2,66
3373.jpg,2,50
3374.jpg,1,7
3375.jpg,0,42
3376.jpg,1,45
3377.jpg,1,21
3378.jpg,2,52
3379.jpg,2,55
3380.jpg,1,36
3381.jpg,0,75
3382.jpg,0,86
3383.jpg,2,57
3384.jpg,2,47
3385.jpg,1,2
3386.jpg,1,7
3387.jpg,2,71
3388.jpg,1,53
3389.jpg,2,29
3390.jpg,2,55
3391.jpg,2,71
3392.jpg,1,85
3393.jpg,1,0
3394.jpg,2,71
3395.jpg,2,44
3396.jpg,2,44
3397.jpg,0,5
3398.jpg,2,57
3399.jpg,2,44
3400.jpg,2,50
3401.jpg,0,27
3402.jpg,1,38
3403.jpg,2,44
3404.jpg,1,32
3405.jpg,0,40
3406.jpg,2,47
3407.jpg,0,8
3408.jpg,2,47
3409.jpg,1,70
3410.jpg,2,68
3411.jpg,0,4
3412.jpg,2,43
3413.jpg,1,37
3414.jpg,2,58
3415.jpg,0,51
3416.jpg,0,60
3417.jpg,2,34
3418.jpg,2,71
3419.jpg,2,74
3420.jpg,2,63
3421.jpg,0,86
3422.jpg,2,57
3423.jpg,2,76
3424.jpg,0,42
3425.jpg,2,61
3426.jpg,1,70
3427.jpg,2,44
3428.jpg,0,78
3429.jpg,0,28
3430.jpg,1,32
3431.jpg,1,31
3432.jpg,1,2
3433.jpg,1,9
3434.jpg,1,36
3435.jpg,1,65
3436.jpg,1,70
3437.jpg,0,27
3438.jpg,2,67
3439.jpg,2,33
3440.jpg,2,1
3441.jpg,1,64
3442.jpg,0,84
3443.jpg,2,57
3444.jpg,0,6
3445.jpg,1,62
3446.jpg,0,4
3447.jpg,0,8
3448.jpg,2,50
3449.jpg,2,43
3450.jpg,2,81
3451.jpg,0,19
3452.jpg,2,50
3453.jpg,2,43
3454.jpg,1,7
3455.jpg,1,65
3456.jpg,1,31
3457.jpg,1,70
3458.jpg,0,16
3459.jpg,2,76
3460.jpg,1,12
3461.jpg,0,4
3462.jpg,2,43
3463.jpg,0,83
3464.jpg,1,53
3465.jpg,1,45
3466.jpg,1,21
3467.jpg,2,63
3468.jpg,0,27
3469.jpg,0,4
3470.jpg,2,3
3471.jpg,1,36
3472.jpg,1,46
3473.jpg,1,64
3474.jpg,2,15
3475.jpg,2,29
3476.jpg,1,64
3477.jpg,1,2
3478.jpg,1,22
3479.jpg,1,21
3480.jpg,0,28
3481.jpg,2,28
3482.jpg,2,35
3483.jpg,2,55
3484.jpg,2,61
3485.jpg,1,2
3486.jpg,2,57
3487.jpg,2,50
3488.jpg,2,72
3489.jpg,2,81
3490.jpg,0,8
3491.jpg,1,62
3492.jpg,0,41
3493.jpg,1,9
3494.jpg,2,39
3495.jpg,0,19
3496.jpg,2,81
3497.jpg,2,43
3498.jpg,2,29
3499.jpg,2,57
3500.jpg,0,78
3501.jpg,2,52
3502.jpg,0,8
3503.jpg,1,62
3504.jpg,1,53
3505.jpg,2,71
3506.jpg,0,42
3507.jpg,2,76
3508.jpg,2,72
3509.jpg,0,30
3510.jpg,0,24
3511.jpg,2,50
3512.jpg,2,63
3513.jpg,2,74
3514.jpg,2,52
3515.jpg,2,35
3516.jpg,1,65
3517.jpg,0,30
3518.jpg,1,7
3519.jpg,2,35
3520.jpg,0,11
3521.jpg,1,79
3522.jpg,1,32
3523.jpg,1,46
3524.jpg,2,69
3525.jpg,2,47
3526.jpg,1,53
3527.jpg,1,18
3528.jpg,1,38
3529.jpg,0,40
3530.jpg,0,80
3531.jpg,1,18
3532.jpg,0,28
3533.jpg,1,37
3534.jpg,0,40
3535.jpg,1,9
3536.jpg,1,36
3537.jpg,2,33
3538.jpg,2,35
3539.jpg,1,37
3540.jpg,1,77
3541.jpg,2,74
3542.jpg,2,52
3543.jpg,2,48
3544.jpg,2,35
3545.jpg,1,64
3546.jpg,1,49
3547.jpg,1,17
3548.jpg,1,70
3549.jpg,0,30
3550.jpg,2,76
3551.jpg,0,11
3552.jpg,0,75
3553.jpg,1,54
3554.jpg,2,1
3555.jpg,1,54
3556.jpg,0,80
3557.jpg,0,27
3558.jpg,2,61
3559.jpg,2,58
3560.jpg,1,18
3561.jpg,0,78
3562.jpg,2,81
3563.jpg,1,10
3564.jpg,2,29
3565.jpg,0,5
3566.jpg,1,25
3567.jpg,1,65
3568.jpg,0,11
3569.jpg,0,30
3570.jpg,0,6
3571.jpg,1,37
3572.jpg,0,86
3573.jpg,2,29
3574.jpg,1,23
3575.jpg,1,21
3576.jpg,2,55
3577.jpg,2,43
3578.jpg,1,7
3579.jpg,0,86
3580.jpg,2,34
3581.jpg,0,30
3582.jpg,2,66
3583.jpg,0,8
3584.jpg,2,39
3585.jpg,0,24
3586.jpg,0,14
3587.jpg,1,54
3588.jpg,1,23
3589.jpg,0,30
3590.jpg,1,62
3591.jpg,2,50
3592.jpg,1,70
3593.jpg,0,75
3594.jpg,2,43
3595.jpg,2,15
3596.jpg,2,44
3597.jpg,0,60
3598.jpg,2,39
3599.jpg,1,18
3600.jpg,0,80
3601.jpg,0,75
3602.jpg,0,11
3603.jpg,2,81
3604.jpg,1,21
3605.jpg,2,52
3606.jpg,1,70
3607.jpg,1,22
3608.jpg,2,76
3609.jpg,0,60
3610.jpg,2,29
3611.jpg,2,57
3612.jpg,1,46
3613.jpg,1,37
3614.jpg,2,39
3615.jpg,1,36
3616.jpg,1,10
3617.jpg,0,11
3618.jpg,1,17
3619.jpg,1,65
3620.jpg,2,66
3621.jpg,0,41
3622.jpg,1,77
3623.jpg,0,27
3624.jpg,2,35
3625.jpg,2,48
3626.jpg,0,5
3627.jpg,2,67
3628.jpg,1,37
3629.jpg,0,24
3630.jpg,2,69
3631.jpg,1,45
3632.jpg,2,58
3633.jpg,1,7
3634.jpg,0,83
3635.jpg,2,1
3636.jpg,0,30
3637.jpg,2,63
3638.jpg,0,26
3639.jpg,1,18
3640.jpg,2,68
3641.jpg,1,25
3642.jpg,2,76
3643.jpg,1,49
3644.jpg,0,40
3645.jpg,2,29
3646.jpg,2,44
3647.jpg,2,1
3648.jpg,0,16
3649.jpg,2,76
3650.jpg,2,69
3651.jpg,0,14
3652.jpg,2,63
3653.jpg,0,59
3654.jpg,2,52
3655.jpg,2,63
3656.jpg,0,5
3657.jpg,2,29
3658.jpg,1,0
3659.jpg,2,61
3660.jpg,0,84
3661.jpg,2,52
3662.jpg,2,33
3663.jpg,2,47
3664.jpg,1,77
3665.jpg,2,61
3666.jpg,1,85
3667.jpg,0,26
3668.jpg,1,2
3669.jpg,2,1
3670.jpg,2,72
3671.jpg,2,76
3672.jpg,1,85
3673.jpg,1,70
3674.jpg,2,74
3675.jpg,1,64
3676.jpg,0,73
3677.jpg,2,15
3678.jpg,2,55
3679.jpg,2,43
3680.jpg,2,48
3681.jpg,1,17
3682.jpg,0,24
3683.jpg,0,28
3684.jpg,1,46
3685.jpg,1,65
3686.jpg,2,69
3687.jpg,2,35
3688.jpg,1,36
3689.jpg,0,75
3690.jpg,2,35
3691.jpg,1,49
3692.jpg,2,3
3693.jpg,0,4
3694.jpg,1,62
3695.jpg,1,49
3696.jpg,1,23
3697.jpg,0,82
3698.jpg,1,62
3699.jpg,1,37
3700.jpg,1,2
3701.jpg,1,10
3702.jpg,2,10
3703.jpg,1,65
3704.jpg,2,43
3705.jpg,1,0
3706.jpg,1,17
3707.jpg,2,72
3708.jpg,1,25
3709.jpg,2,69
3710.jpg,1,49
3711.jpg,1,12
3712.jpg,1,46
3713.jpg,2,55
3714.jpg,2,66
3715.jpg,2,39
3716.jpg,1,0
3717.jpg,2,44
3718.jpg,1,62
3719.jpg,2,50
3720.jpg,2,1
3721.jpg,0,84
3722.jpg,2,29
3723.jpg,2,48
3724.jpg,1,9
3725.jpg,2,35
3726.jpg,1,49
3727.jpg,1,62
3728.jpg,1,62
3729.jpg,1,65
3730.jpg,2,81
3731.jpg,2,29
3732.jpg,2,68
3733.jpg,1,38
3734.jpg,2,57
3735.jpg,2,66
3736.jpg,0,27
3737.jpg,1,62
3738.jpg,2,50
3739.jpg,1,31
3740.jpg,2,72
3741.jpg,0,4
3742.jpg,0,28
3743.jpg,2,28
3744.jpg,1,36
3745.jpg,0,16
3746.jpg,2,63
3747.jpg,0,42
3748.jpg,1,31
3749.jpg,2,81
3750.jpg,0,14
3751.jpg,2,48
3752.jpg,0,28
3753.jpg,1,31
3754.jpg,1,64
3755.jpg,1,64
3756.jpg,1,7
3757.jpg,2,43
3758.jpg,0,6
3759.jpg,1,10
3760.jpg,0,59
3761.jpg,2,76
3762.jpg,2,67
3763.jpg,0,56
3764.jpg,1,49
3765.jpg,2,66
3766.jpg,2,72
3767.jpg,2,58
3768.jpg,2,50
3769.jpg,2,50
3770.jpg,0,27
3771.jpg,0,11
3772.jpg,0,28
3773.jpg,2,50
3774.jpg,1,18
3775.jpg,1,70
3776.jpg,2,1
3777.jpg,1,65
3778.jpg,2,63
3779.jpg,2,61
3780.jpg,2,66
3781.jpg,2,58
3782.jpg,1,7
3783.jpg,1,21
3784.jpg,2,76
3785.jpg,1,18
3786.jpg,2,55
3787.jpg,2,81
3788.jpg,2,13
3789.jpg,1,46
3790.jpg,0,8
3791.jpg,2,76
3792.jpg,0,84
3793.jpg,0,51
3794.jpg,1,46
3795.jpg,0,30
3796.jpg,2,63
3797.jpg,2,63
3798.jpg,0,59
3799.jpg,1,64
3800.jpg,2,13
3801.jpg,1,9
3802.jpg,2,72
3803.jpg,1,0
3804.jpg,0,41
3805.jpg,0,82
3806.jpg,2,52
3807.jpg,2,57
3808.jpg,1,65
3809.jpg,1,54
3810.jpg,2,63
3811.jpg,0,84
3812.jpg,2,63
3813.jpg,0,20
3814.jpg,1,18
3815.jpg,2,47
3816.jpg,2,66
3817.jpg,2,13
3818.jpg,1,18
3819.jpg,0,83
3820.jpg,2,57
3821.jpg,0,20
3822.jpg,2,50
3823.jpg,0,6
3824.jpg,0,86
3825.jpg,1,62
3826.jpg,1,62
3827.jpg,0,78
3828.jpg,0,80
3829.jpg,2,15
3830.jpg,0,14
3831.jpg,1,22
3832.jpg,2,63
3833.jpg,1,65
3834.jpg,0,11
3835.jpg,1,32
3836.jpg,0,27
3837.jpg,0,84
3838.jpg,0,19
3839.jpg,1,53
3840.jpg,1,79
3841.jpg,0,42
3842.jpg,2,71
3843.jpg,2,1
3844.jpg,1,12
3845.jpg,2,44
3846.jpg,1,18
3847.jpg,0,5
3848.jpg,0,56
3849.jpg,0,82
3850.jpg,0,28
3851.jpg,2,13
3852.jpg,0,42
3853.jpg,1,32
3854.jpg,2,72
3855.jpg,1,7
3856.jpg,0,4
3857.jpg,0,6
3858.jpg,1,10
3859.jpg,0,14
3860.jpg,1,32
3861.jpg,1,22
3862.jpg,2,44
3863.jpg,2,63
3864.jpg,1,18
3865.jpg,2,63
3866.jpg,0,41
3867.jpg,1,62
3868.jpg,0,51
3869.jpg,0,27
3870.jpg,2,66
3871.jpg,0,73
3872.jpg,1,18
3873.jpg,0,30
3874.jpg,2,35
3875.jpg,1,79
3876.jpg,1,37
3877.jpg,0,6
3878.jpg,2,71
3879.jpg,0,73
3880.jpg,0,28
3881.jpg,1,37
3882.jpg,2,57
3883.jpg,2,44
3884.jpg,2,58
3885.jpg,2,13
3886.jpg,1,9
3887.jpg,2,69
3888.jpg,0,4
3889.jpg,0,28
3890.jpg,1,65
3891.jpg,1,18
3892.jpg,1,10
3893.jpg,0,14
3894.jpg,1,79
3895.jpg,1,9
3896.jpg,2,67
3897.jpg,0,78
3898.jpg,1,46
3899.jpg,2,63
3900.jpg,0,14
3901.jpg,1,9
3902.jpg,2,57
3903.jpg,1,7
3904.jpg,0,42
3905.jpg,0,40
3906.jpg,0,40
3907.jpg,1,23
3908.jpg,2,15
3909.jpg,0,27
3910.jpg,0,75
3911.jpg,0,4
3912.jpg,0,24
3913.jpg,2,71
3914.jpg,0,27
3915.jpg,2,34
3916.jpg,1,38
3917.jpg,0,11
3918.jpg,2,69
3919.jpg,1,31
3920.jpg,1,65
3921.jpg,1,64
3922.jpg,1,31
3923.jpg,0,6
3924.jpg,1,10
3925.jpg,0,83
3926.jpg,1,22
3927.jpg,2,71
3928.jpg,0,80
3929.jpg,1,49
3930.jpg,0,4
3931.jpg,1,64
3932.jpg,0,28
3933.jpg,2,50
3934.jpg,0,26
3935.jpg,0,6
3936.jpg,2,81
3937.jpg,0,6
3938.jpg,0,73
3939.jpg,2,15
3940.jpg,2,71
3941.jpg,1,17
3942.jpg,1,23
3943.jpg,0,51
3944.jpg,2,81
3945.jpg,1,9
3946.jpg,0,42
3947.jpg,2,81
3948.jpg,2,44
3949.jpg,2,29
3950.jpg,0,84
3951.jpg,2,76
3952.jpg,0,86
3953.jpg,2,44
3954.jpg,0,78
3955.jpg,0,4
3956.jpg,0,28
3957.jpg,1,12
3958.jpg,1,65
3959.jpg,1,7
3960.jpg,0,4
3961.jpg,1,49
3962.jpg,2,48
3963.jpg,2,35
3964.jpg,1,70
3965.jpg,2,71
3966.jpg,1,49
3967.jpg,2,58
3968.jpg,2,74
3969.jpg,2,29
3970.jpg,1,7
3971.jpg,0,30
3972.jpg,0,4
3973.jpg,1,53
3974.jpg,2,33
3975.jpg,2,44
3976.jpg,2,71
3977.jpg,0,6
3978.jpg,1,54
3979.jpg,1,65
3980.jpg,1,0
3981.jpg,2,63
3982.jpg,2,47
3983.jpg,2,44
3984.jpg,1,22
3985.jpg,1,31
3986.jpg,2,44
3987.jpg,0,28
3988.jpg,0,28
3989.jpg,0,27
3990.jpg,1,22
3991.jpg,1,54
3992.jpg,1,0
3993.jpg,2,74
3994.jpg,2,66
3995.jpg,1,32
3996.jpg,0,41
3997.jpg,2,71
3998.jpg,2,13
3999.jpg,1,70
4000.jpg,2,66
4001.jpg,1,22
4002.jpg,2,68
4003.jpg,2,55
4004.jpg,1,17
4005.jpg,2,72
4006.jpg,2,43
4007.jpg,0,42
4008.jpg,0,42
4009.jpg,0,14
4010.jpg,1,79
4011.jpg,2,69
4012.jpg,2,66
4013.jpg,2,71
4014.jpg,2,15
4015.jpg,1,12
4016.jpg,0,86
4017.jpg,2,34
4018.jpg,2,67
4019.jpg,0,5
4020.jpg,1,23
4021.jpg,1,12
4022.jpg,1,7
4023.jpg,1,9
4024.jpg,2,52
4025.jpg,1,23
4026.jpg,2,58
4027.jpg,2,61
4028.jpg,1,79
4029.jpg,0,84
4030.jpg,2,29
4031.jpg,0,6
4032.jpg,0,26
4033.jpg,1,12
4034.jpg,0,56
4035.jpg,2,61
4036.jpg,2,13
4037.jpg,1,65
4038.jpg,2,68
4039.jpg,0,78
4040.jpg,1,37
4041.jpg,0,14
4042.jpg,1,23
4043.jpg,0,6
4044.jpg,2,58
4045.jpg,1,36
4046.jpg,0,80
4047.jpg,0,28
4048.jpg,1,31
4049.jpg,1,45
4050.jpg,2,57
4051.jpg,0,4
4052.jpg,2,33
4053.jpg,0,28
4054.jpg,2,67
4055.jpg,2,72
4056.jpg,2,76
4057.jpg,0,24
4058.jpg,0,75
4059.jpg,2,47
4060.jpg,2,81
4061.jpg,1,37
4062.jpg,0,60
4063.jpg,1,23
4064.jpg,0,26
4065.jpg,0,24
4066.jpg,0,28
4067.jpg,0,24
4068.jpg,0,51
4069.jpg,0,8
4070.jpg,1,2
4071.jpg,2,58
4072.jpg,2,47
4073.jpg,0,28
4074.jpg,2,57
4075.jpg,1,62
4076.jpg,1,37
4077.jpg,1,18
4078.jpg,1,22
4079.jpg,2,57
4080.jpg,0,51
4081.jpg,2,39
4082.jpg,2,1
4083.jpg,1,45
4084.jpg,2,39
4085.jpg,2,47
4086.jpg,2,33
4087.jpg,1,62
4088.jpg,0,4
4089.jpg,1,0
4090.jpg,0,24
4091.jpg,2,43
4092.jpg,1,64
4093.jpg,1,36
4094.jpg,2,50
4095.jpg,1,23
4096.jpg,2,68
4097.jpg,0,84
4098.jpg,0,56
4099.jpg,2,56
4100.jpg,0,11
4101.jpg,2,3
4102.jpg,1,49
4103.jpg,2,72
4104.jpg,0,26
4105.jpg,0,8
4106.jpg,2,35
4107.jpg,0,24
4108.jpg,0,6
4109.jpg,1,70
4110.jpg,2,15
4111.jpg,2,69
4112.jpg,1,70
4113.jpg,0,14
4114.jpg,2,13
4115.jpg,0,27
4116.jpg,0,20
4117.jpg,2,3
4118.jpg,2,3
4119.jpg,0,83
4120.jpg,2,69
4121.jpg,2,81
4122.jpg,2,63
4123.jpg,2,33
4124.jpg,0,20
4125.jpg,1,46
4126.jpg,1,36
4127.jpg,0,78
4128.jpg,2,57
4129.jpg,1,7
4130.jpg,2,44
4131.jpg,1,21
4132.jpg,0,19
4133.jpg,1,65
4134.jpg,1,37
4135.jpg,2,66
4136.jpg,1,49
4137.jpg,1,25
4138.jpg,1,25
4139.jpg,1,65
4140.jpg,2,61
4141.jpg,0,84
4142.jpg,0,30
4143.jpg,0,19
4144.jpg,0,11
4145.jpg,2,66
4146.jpg,1,22
4147.jpg,2,66
4148.jpg,2,69
4149.jpg,2,52
4150.jpg,0,28
4151.jpg,1,7
4152.jpg,0,30
4153.jpg,1,77
4154.jpg,2,81
4155.jpg,0,75
4156.jpg,1,54
4157.jpg,0,86
4158.jpg,1,62
4159.jpg,0,84
4160.jpg,2,33
4161.jpg,1,25
4162.jpg,0,4
4163.jpg,2,35
4164.jpg,1,79
4165.jpg,0,84
4166.jpg,1,46
4167.jpg,2,72
4168.jpg,2,1
4169.jpg,2,33
4170.jpg,2,44
4171.jpg,1,31
4172.jpg,2,72
4173.jpg,0,6
4174.jpg,1,53
4175.jpg,2,33
4176.jpg,1,37
4177.jpg,1,2
4178.jpg,2,81
4179.jpg,2,50
4180.jpg,2,35
4181.jpg,1,22
4182.jpg,1,21
4183.jpg,0,14
4184.jpg,1,64
4185.jpg,1,36
4186.jpg,2,67
4187.jpg,2,50
4188.jpg,1,79
4189.jpg,2,61
4190.jpg,0,83
4191.jpg,0,28
4192.jpg,1,31
4193.jpg,1,25
4194.jpg,0,51
4195.jpg,2,71
4196.jpg,0,30
4197.jpg,0,8
4198.jpg,1,7
4199.jpg,2,35
4200.jpg,2,35
4201.jpg,1,45
4202.jpg,1,37
4203.jpg,2,47
4204.jpg,2,15
4205.jpg,1,64
4206.jpg,1,31
4207.jpg,1,10
4208.jpg,2,47
4209.jpg,2,66
4210.jpg,2,29
4211.jpg,1,38
4212.jpg,0,5
4213.jpg,1,49
4214.jpg,2,47
4215.jpg,0,83
4216.jpg,2,76
4217.jpg,2,39
4218.jpg,2,57
4219.jpg,1,18
4220.jpg,0,51
4221.jpg,0,60
4222.jpg,2,74
4223.jpg,0,59
4224.jpg,0,8
4225.jpg,2,50
4226.jpg,2,43
4227.jpg,2,69
4228.jpg,2,50
4229.jpg,1,0
4230.jpg,2,15
4231.jpg,2,43
4232.jpg,0,16
4233.jpg,2,67
4234.jpg,0,51
4235.jpg,1,36
4236.jpg,1,36
4237.jpg,2,29
4238.jpg,1,46
4239.jpg,2,61
4240.jpg,2,35
4241.jpg,0,42
4242.jpg,1,65
4243.jpg,0,19
4244.jpg,1,36
4245.jpg,2,61
4246.jpg,2,76
4247.jpg,0,56
4248.jpg,2,13
4249.jpg,0,27
4250.jpg,2,74
4251.jpg,1,7
4252.jpg,0,42
4253.jpg,2,43
4254.jpg,2,3
4255.jpg,1,31
4256.jpg,0,4
4257.jpg,1,22
4258.jpg,2,55
4259.jpg,0,19
4260.jpg,0,27
4261.jpg,2,61
4262.jpg,0,75
4263.jpg,0,30
4264.jpg,2,47
4265.jpg,2,57
4266.jpg,1,53
4267.jpg,2,71
4268.jpg,2,52
4269.jpg,2,66
4270.jpg,1,31
4271.jpg,1,23
4272.jpg,1,38
4273.jpg,0,4
4274.jpg,1,64
4275.jpg,2,43
4276.jpg,2,33
4277.jpg,1,18
4278.jpg,1,17
4279.jpg,2,69
4280.jpg,2,43
4281.jpg,1,79
4282.jpg,2,15
4283.jpg,1,54
4284.jpg,0,84
4285.jpg,2,69
4286.jpg,2,68
4287.jpg,1,17
4288.jpg,0,27
4289.jpg,2,61
4290.jpg,2,67
4291.jpg,2,29
4292.jpg,2,29
4293.jpg,2,76
4294.jpg,0,14
4295.jpg,0,40
4296.jpg,0,80
4297.jpg,1,70
4298.jpg,2,35
4299.jpg,1,54
4300.jpg,2,57
4301.jpg,2,1
4302.jpg,0,40
4303.jpg,1,49
4304.jpg,2,61
4305.jpg,0,28
4306.jpg,1,36
4307.jpg,2,63
4308.jpg,0,30
4309.jpg,2,43
4310.jpg,1,31
4311.jpg,0,73
4312.jpg,2,55
4313.jpg,0,4
4314.jpg,1,23
4315.jpg,0,75
4316.jpg,1,23
4317.jpg,1,65
4318.jpg,1,17
4319.jpg,0,42
4320.jpg,2,50
4321.jpg,1,46
4322.jpg,2,76
4323.jpg,2,68
4324.jpg,2,29
4325.jpg,2,67
4326.jpg,2,55
4327.jpg,1,12
4328.jpg,2,55
4329.jpg,0,86
4330.jpg,2,63
4331.jpg,0,84
4332.jpg,1,10
4333.jpg,2,44
4334.jpg,2,44
4335.jpg,1,64
4336.jpg,1,65
4337.jpg,2,50
4338.jpg,1,9
4339.jpg,2,35
4340.jpg,0,27
4341.jpg,0,4
4342.jpg,2,61
4343.jpg,0,4
4344.jpg,2,74
4345.jpg,0,84
4346.jpg,2,61
4347.jpg,2,61
4348.jpg,2,52
4349.jpg,1,45
4350.jpg,1,36
4351.jpg,0,75
4352.jpg,2,69
4353.jpg,0,8
4354.jpg,0,78
4355.jpg,1,53
4356.jpg,1,65
4357.jpg,1,36
4358.jpg,1,21
4359.jpg,1,49
4360.jpg,2,69
4361.jpg,1,65
4362.jpg,2,50
4363.jpg,2,47
4364.jpg,1,22
4365.jpg,2,3
4366.jpg,2,44
4367.jpg,1,10
4368.jpg,2,71
4369.jpg,1,18
4370.jpg,1,9
4371.jpg,0,78
4372.jpg,0,73
4373.jpg,2,44
4374.jpg,1,54
4375.jpg,0,27
4376.jpg,0,24
4377.jpg,2,57
4378.jpg,2,13
4379.jpg,2,72
4380.jpg,1,64
4381.jpg,2,52
4382.jpg,2,76
4383.jpg,1,62
4384.jpg,1,36
4385.jpg,1,18
4386.jpg,0,6
4387.jpg,1,10
4388.jpg,1,62
4389.jpg,2,61
4390.jpg,2,52
4391.jpg,2,33
4392.jpg,1,46
4393.jpg,2,72
4394.jpg,1,36
4395.jpg,0,28
4396.jpg,2,34
4397.jpg,1,21
4398.jpg,2,58
4399.jpg,0,83
4400.jpg,2,43
4401.jpg,2,72
4402.jpg,0,56
4403.jpg,2,72
4404.jpg,0,41
4405.jpg,0,42
4406.jpg,1,70
4407.jpg,0,16
4408.jpg,2,76
4409.jpg,2,81
4410.jpg,1,62
4411.jpg,0,78
4412.jpg,0,82
4413.jpg,0,60
4414.jpg,2,66
4415.jpg,1,77
4416.jpg,2,50
4417.jpg,2,13
4418.jpg,0,82
4419.jpg,2,55
4420.jpg,0,4
4421.jpg,0,24
4422.jpg,2,81
4423.jpg,1,25
4424.jpg,1,25
4425.jpg,0,75
4426.jpg,2,71
4427.jpg,2,44
4428.jpg,2,29
4429.jpg,2,61
4430.jpg,2,43
4431.jpg,1,31
4432.jpg,1,21
4433.jpg,0,75
4434.jpg,2,50
4435.jpg,1,77
4436.jpg,0,80
4437.jpg,2,47
4438.jpg,0,30
4439.jpg,0,24
4440.jpg,0,11
4441.jpg,2,57
4442.jpg,2,66
4443.jpg,1,18
4444.jpg,1,7
4445.jpg,0,6
4446.jpg,2,66
4447.jpg,2,68
4448.jpg,2,47
4449.jpg,1,25
4450.jpg,0,5
4451.jpg,0,75
4452.jpg,2,61
4453.jpg,2,63
4454.jpg,1,9
4455.jpg,2,57
4456.jpg,1,37
4457.jpg,1,32
4458.jpg,0,86
4459.jpg,0,40
4460.jpg,2,81
4461.jpg,1,18
4462.jpg,2,34
4463.jpg,1,65
4464.jpg,0,78
4465.jpg,0,83
4466.jpg,0,86
4467.jpg,2,72
4468.jpg,0,40
4469.jpg,0,5
4470.jpg,0,75
4471.jpg,2,66
4472.jpg,0,6
4473.jpg,2,55
4474.jpg,0,19
4475.jpg,1,25
4476.jpg,1,77
4477.jpg,2,66
4478.jpg,0,59
4479.jpg,0,75
4480.jpg,0,80
4481.jpg,0,27
4482.jpg,0,82
4483.jpg,0,5
4484.jpg,1,22
4485.jpg,0,4
4486.jpg,1,32
4487.jpg,0,20
4488.jpg,2,66
4489.jpg,0,6
4490.jpg,1,31
4491.jpg,0,84
4492.jpg,1,18
4493.jpg,1,0
4494.jpg,2,72
4495.jpg,1,7
4496.jpg,1,25
4497.jpg,0,80
4498.jpg,1,10
4499.jpg,2,76
4500.jpg,0,20
4501.jpg,0,19
4502.jpg,1,31
4503.jpg,1,2
4504.jpg,2,50
4505.jpg,2,66
4506.jpg,2,69
4507.jpg,0,75
4508.jpg,2,15
4509.jpg,1,21
4510.jpg,1,18
4511.jpg,2,57
4512.jpg,1,53
4513.jpg,1,31
4514.jpg,2,44
4515.jpg,0,4
4516.jpg,1,2
4517.jpg,2,68
4518.jpg,2,61
4519.jpg,0,28
4520.jpg,0,14
4521.jpg,2,52
4522.jpg,1,22
4523.jpg,2,50
4524.jpg,1,7
4525.jpg,2,61
4526.jpg,1,46
4527.jpg,1,22
4528.jpg,1,9
4529.jpg,2,76
4530.jpg,0,28
4531.jpg,2,35
4532.jpg,1,77
4533.jpg,0,42
4534.jpg,1,17
4535.jpg,0,60
4536.jpg,1,70
4537.jpg,1,7
4538.jpg,0,78
4539.jpg,2,35
4540.jpg,2,69
4541.jpg,2,29
4542.jpg,1,62
4543.jpg,1,49
4544.jpg,2,69
4545.jpg,0,11
4546.jpg,2,76
4547.jpg,2,81
4548.jpg,2,63
4549.jpg,2,44
4550.jpg,2,43
4551.jpg,0,19
4552.jpg,2,13
4553.jpg,1,53
4554.jpg,0,24
4555.jpg,2,57
4556.jpg,1,7
4557.jpg,1,85
4558.jpg,2,48
4559.jpg,0,4
4560.jpg,0,86
4561.jpg,0,6
4562.jpg,0,56
4563.jpg,2,61
4564.jpg,1,64
4565.jpg,2,64
4566.jpg,1,85
4567.jpg,1,46
4568.jpg,2,1
4569.jpg,1,25
4570.jpg,0,84
4571.jpg,1,64
4572.jpg,1,62
4573.jpg,0,28
4574.jpg,2,29
4575.jpg,1,0
4576.jpg,2,74
4577.jpg,2,3
4578.jpg,1,64
4579.jpg,1,46
4580.jpg,1,12
4581.jpg,0,75
4582.jpg,2,43
4583.jpg,2,44
4584.jpg,0,20
4585.jpg,1,62
4586.jpg,0,75
4587.jpg,0,73
4588.jpg,0,27
4589.jpg,1,37
4590.jpg,0,84
4591.jpg,2,44
4592.jpg,1,9
4593.jpg,2,1
4594.jpg,0,60
4595.jpg,2,1
4596.jpg,1,2
4597.jpg,1,85
4598.jpg,1,18
4599.jpg,2,72
4600.jpg,1,36
4601.jpg,1,64
4602.jpg,2,52
4603.jpg,0,28
4604.jpg,1,79
4605.jpg,0,59
4606.jpg,1,25
4607.jpg,0,30
4608.jpg,1,65
4609.jpg,1,9
4610.jpg,1,70
4611.jpg,2,81
4612.jpg,1,65
4613.jpg,2,44
4614.jpg,2,35
4615.jpg,2,61
4616.jpg,1,22
4617.jpg,0,42
4618.jpg,1,36
4619.jpg,1,18
4620.jpg,0,24
4621.jpg,1,31
4622.jpg,0,28
4623.jpg,2,58
4624.jpg,2,15
4625.jpg,0,24
4626.jpg,1,49
4627.jpg,1,10
4628.jpg,2,47
4629.jpg,2,33
4630.jpg,1,45
4631.jpg,2,76
4632.jpg,2,43
4633.jpg,2,76
4634.jpg,2,35
4635.jpg,2,1
4636.jpg,2,50
4637.jpg,0,20
4638.jpg,1,49
4639.jpg,1,53
4640.jpg,1,62
4641.jpg,1,65
4642.jpg,2,69
4643.jpg,1,38
4644.jpg,0,27
4645.jpg,0,86
4646.jpg,1,64
4647.jpg,1,38
4648.jpg,1,64
4649.jpg,2,71
4650.jpg,0,86
4651.jpg,2,15
4652.jpg,1,65
4653.jpg,1,49
4654.jpg,1,21
4655.jpg,2,39
4656.jpg,2,72
4657.jpg,0,75
4658.jpg,2,29
4659.jpg,0,80
4660.jpg,1,46
4661.jpg,1,12
4662.jpg,0,14
4663.jpg,1,22
4664.jpg,0,28
4665.jpg,2,81
4666.jpg,2,68
4667.jpg,2,66
4668.jpg,1,31
4669.jpg,0,75
4670.jpg,1,38
4671.jpg,0,19
4672.jpg,2,67
4673.jpg,2,69
4674.jpg,2,3
4675.jpg,0,73
4676.jpg,1,22
4677.jpg,1,45
4678.jpg,0,19
4679.jpg,0,6
4680.jpg,2,47
4681.jpg,2,33
4682.jpg,2,34
4683.jpg,1,9
4684.jpg,2,1
4685.jpg,0,82
4686.jpg,1,64
4687.jpg,2,35
4688.jpg,1,65
4689.jpg,0,24
4690.jpg,2,48
4691.jpg,2,67
4692.jpg,2,50
4693.jpg,1,77
4694.jpg,1,70
4695.jpg,0,80
4696.jpg,1,65
4697.jpg,0,41
4698.jpg,0,20
4699.jpg,2,81
4700.jpg,2,81
4701.jpg,2,44
4702.jpg,0,16
4703.jpg,2,72
4704.jpg,2,29
4705.jpg,0,4
4706.jpg,2,47
4707.jpg,0,73
4708.jpg,0,83
4709.jpg,1,9
4710.jpg,1,31
4711.jpg,2,48
4712.jpg,0,80
4713.jpg,0,4
4714.jpg,2,43
4715.jpg,1,22
4716.jpg,2,81
4717.jpg,1,70
4718.jpg,1,45
4719.jpg,1,85
4720.jpg,1,21
4721.jpg,2,67
4722.jpg,2,63
4723.jpg,2,81
4724.jpg,0,6
4725.jpg,1,0
4726.jpg,0,11
4727.jpg,1,62
4728.jpg,1,38
4729.jpg,2,43
4730.jpg,0,6
4731.jpg,0,6
4732.jpg,1,36
4733.jpg,1,17
4734.jpg,1,31
4735.jpg,0,86
4736.jpg,1,70
4737.jpg,0,4
4738.jpg,2,63
4739.jpg,1,70
4740.jpg,2,52
4741.jpg,1,25
4742.jpg,2,3
4743.jpg,2,63
4744.jpg,1,70
4745.jpg,2,81
4746.jpg,1,38
4747.jpg,2,71
4748.jpg,1,2
4749.jpg,1,46
4750.jpg,1,22
4751.jpg,2,35
4752.jpg,1,77
4753.jpg,1,12
4754.jpg,1,21
4755.jpg,2,39
4756.jpg,0,86
4757.jpg,0,27
4758.jpg,2,35
4759.jpg,1,49
4760.jpg,2,48
4761.jpg,0,86
4762.jpg,0,78
4763.jpg,2,63
4764.jpg,0,40
4765.jpg,0,24
4766.jpg,2,71
4767.jpg,1,31
4768.jpg,0,26
4769.jpg,0,28
4770.jpg,0,26
4771.jpg,1,25
4772.jpg,0,11
4773.jpg,0,86
4774.jpg,2,35
4775.jpg,0,4
4776.jpg,0,27
4777.jpg,0,75
4778.jpg,2,61
4779.jpg,0,75
4780.jpg,1,77
4781.jpg,0,16
4782.jpg,2,13
4783.jpg,2,57
4784.jpg,0,8
4785.jpg,2,55
4786.jpg,2,35
4787.jpg,1,7
4788.jpg,1,38
4789.jpg,0,26
4790.jpg,0,26
4791.jpg,1,9
4792.jpg,1,45
4793.jpg,2,66
4794.jpg,2,52
4795.jpg,2,50
4796.jpg,2,34
4797.jpg,0,84
4798.jpg,1,18
4799.jpg,1,36
4800.jpg,1,64
4801.jpg,1,54
4802.jpg,1,54
4803.jpg,1,32
4804.jpg,0,80
4805.jpg,0,75
4806.jpg,2,44
4807.jpg,0,60
4808.jpg,2,43
4809.jpg,0,83
4810.jpg,0,4
4811.jpg,1,31
4812.jpg,1,65
4813.jpg,1,7
4814.jpg,1,17
4815.jpg,1,31
4816.jpg,0,40
4817.jpg,2,44
4818.jpg,1,46
4819.jpg,0,26
4820.jpg,0,14
4821.jpg,2,57
4822.jpg,1,65
4823.jpg,1,36
4824.jpg,2,72
4825.jpg,1,64
4826.jpg,2,72
4827.jpg,0,56
4828.jpg,2,69
4829.jpg,1,21
4830.jpg,0,60
4831.jpg,2,48
4832.jpg,1,62
4833.jpg,0,60
4834.jpg,0,4
4835.jpg,0,19
4836.jpg,0,86
4837.jpg,1,65
4838.jpg,1,85
4839.jpg,1,10
4840.jpg,2,48
4841.jpg,2,58
4842.jpg,0,75
4843.jpg,2,57
4844.jpg,1,32
4845.jpg,2,50
4846.jpg,1,7
4847.jpg,0,75
4848.jpg,2,39
4849.jpg,1,37
4850.jpg,2,37
4851.jpg,0,5
4852.jpg,2,1
4853.jpg,0,83
4854.jpg,0,27
4855.jpg,2,52
4856.jpg,2,58
4857.jpg,1,37
4858.jpg,2,57
4859.jpg,0,27
4860.jpg,0,83
4861.jpg,1,0
4862.jpg,1,64
4863.jpg,0,28
4864.jpg,0,84
4865.jpg,2,58
4866.jpg,2,76
4867.jpg,2,69
4868.jpg,1,70
4869.jpg,2,35
4870.jpg,1,37
4871.jpg,0,24
4872.jpg,1,46
4873.jpg,0,6
4874.jpg,1,49
4875.jpg,0,27
4876.jpg,0,51
4877.jpg,1,32
4878.jpg,2,43
4879.jpg,1,64
4880.jpg,0,56
4881.jpg,0,84
4882.jpg,2,76
4883.jpg,1,18
4884.jpg,2,67
4885.jpg,1,65
4886.jpg,1,7
4887.jpg,0,24
4888.jpg,2,43
4889.jpg,1,64
4890.jpg,0,26
4891.jpg,1,18
4892.jpg,2,35
4893.jpg,2,57
4894.jpg,2,3
4895.jpg,1,25
4896.jpg,1,36
4897.jpg,2,52
4898.jpg,2,69
4899.jpg,1,85
4900.jpg,1,25
4901.jpg,0,28
4902.jpg,2,44
4903.jpg,0,6
4904.jpg,2,34
4905.jpg,0,24
4906.jpg,2,68
4907.jpg,2,55
4908.jpg,1,22
4909.jpg,0,4
4910.jpg,2,67
4911.jpg,2,44
4912.jpg,2,48
4913.jpg,0,4
4914.jpg,2,4
4915.jpg,0,6
4916.jpg,0,40
4917.jpg,2,48
4918.jpg,0,41
4919.jpg,2,69
4920.jpg,1,46
4921.jpg,2,76
4922.jpg,0,82
4923.jpg,0,6
4924.jpg,2,69
4925.jpg,0,16
4926.jpg,1,0
4927.jpg,0,80
4928.jpg,1,65
4929.jpg,2,68
4930.jpg,1,7
4931.jpg,2,74
4932.jpg,2,1
4933.jpg,2,34
4934.jpg,0,24
4935.jpg,0,11
4936.jpg,1,54
4937.jpg,1,12
4938.jpg,2,58
4939.jpg,2,43
4940.jpg,0,19
4941.jpg,2,63
4942.jpg,1,36
4943.jpg,2,74
4944.jpg,1,36
4945.jpg,2,1
4946.jpg,2,58
4947.jpg,2,35
4948.jpg,2,52
4949.jpg,0,20
4950.jpg,2,57
4951.jpg,0,40
4952.jpg,1,70
4953.jpg,1,2
4954.jpg,2,74
4955.jpg,1,21
4956.jpg,2,72
4957.jpg,1,18
4958.jpg,2,71
4959.jpg,1,45
4960.jpg,0,60
4961.jpg,0,42
4962.jpg,1,32
4963.jpg,0,6
4964.jpg,1,10
4965.jpg,2,57
4966.jpg,2,63
4967.jpg,1,46
4968.jpg,2,68
4969.jpg,1,64
4970.jpg,0,28
4971.jpg,1,0
4972.jpg,1,10
4973.jpg,2,76
4974.jpg,0,30
4975.jpg,2,52
4976.jpg,1,23
4977.jpg,2,71
4978.jpg,1,38
4979.jpg,0,80
4980.jpg,1,7
4981.jpg,0,6
4982.jpg,0,73
4983.jpg,2,33
4984.jpg,2,58
4985.jpg,2,66
4986.jpg,1,10
4987.jpg,2,72
4988.jpg,2,68
4989.jpg,2,69
4990.jpg,2,35
4991.jpg,2,44
4992.jpg,0,41
4993.jpg,1,65
4994.jpg,1,31
4995.jpg,0,20
4996.jpg,2,66
4997.jpg,1,37
4998.jpg,1,85
4999.jpg,2,57
5000.jpg,2,44
5001.jpg,1,9
5002.jpg,1,31
5003.jpg,0,6
5004.jpg,0,30
5005.jpg,1,23
5006.jpg,0,56
5007.jpg,0,73
5008.jpg,1,9
5009.jpg,2,35
5010.jpg,1,22
5011.jpg,0,56
5012.jpg,1,64
5013.jpg,2,1
5014.jpg,0,27
5015.jpg,1,21
5016.jpg,2,81
5017.jpg,2,69
5018.jpg,1,21
5019.jpg,2,35
5020.jpg,2,61
5021.jpg,2,76
5022.jpg,0,86
5023.jpg,1,53
5024.jpg,2,72
5025.jpg,2,66
5026.jpg,2,39
5027.jpg,2,13
5028.jpg,2,43
5029.jpg,2,52
5030.jpg,1,36
5031.jpg,1,23
5032.jpg,0,86
5033.jpg,1,31
5034.jpg,1,85
5035.jpg,2,1
5036.jpg,0,20
5037.jpg,2,34
5038.jpg,0,60
5039.jpg,2,60
5040.jpg,2,69
5041.jpg,1,37
5042.jpg,1,49
5043.jpg,1,12
5044.jpg,1,46
5045.jpg,1,38
5046.jpg,0,5
5047.jpg,2,61
5048.jpg,2,34
5049.jpg,1,25
5050.jpg,2,50
5051.jpg,0,6
5052.jpg,2,47
5053.jpg,1,23
5054.jpg,0,19
5055.jpg,1,46
5056.jpg,1,70
5057.jpg,0,30
5058.jpg,2,58
5059.jpg,2,63
5060.jpg,2,55
5061.jpg,2,76
5062.jpg,1,65
5063.jpg,2,58
5064.jpg,1,46
5065.jpg,1,31
5066.jpg,1,62
5067.jpg,2,69
5068.jpg,2,81
5069.jpg,2,39
5070.jpg,2,50
5071.jpg,0,56
5072.jpg,1,31
5073.jpg,1,77
5074.jpg,2,67
5075.jpg,0,75
5076.jpg,1,70
5077.jpg,2,52
5078.jpg,2,44
5079.jpg,2,71
5080.jpg,2,39
5081.jpg,2,43
5082.jpg,2,52
5083.jpg,0,82
5084.jpg,0,78
5085.jpg,2,58
5086.jpg,1,38
5087.jpg,0,83
5088.jpg,1,49
5089.jpg,1,62
5090.jpg,2,63
5091.jpg,1,12
5092.jpg,0,6
5093.jpg,2,72
5094.jpg,1,31
5095.jpg,1,49
5096.jpg,0,60
5097.jpg,1,7
5098.jpg,2,57
5099.jpg,0,73
5100.jpg,2,67
5101.jpg,1,37
5102.jpg,0,20
5103.jpg,2,67
5104.jpg,0,16
5105.jpg,2,67
5106.jpg,2,74
5107.jpg,2,1
5108.jpg,2,63
5109.jpg,2,39
5110.jpg,0,75
5111.jpg,2,52
5112.jpg,2,47
5113.jpg,0,59
5114.jpg,2,69
5115.jpg,2,29
5116.jpg,0,75
5117.jpg,2,63
5118.jpg,2,71
5119.jpg,1,54
5120.jpg,0,27
5121.jpg,1,23
5122.jpg,1,23
5123.jpg,1,53
5124.jpg,2,63
5125.jpg,0,6
5126.jpg,0,16
5127.jpg,0,19
5128.jpg,0,11
5129.jpg,2,35
5130.jpg,0,5
5131.jpg,1,70
5132.jpg,2,1
5133.jpg,2,81
5134.jpg,2,58
5135.jpg,1,53
5136.jpg,2,52
5137.jpg,1,17
5138.jpg,1,31
5139.jpg,0,80
5140.jpg,1,45
5141.jpg,0,80
5142.jpg,2,1
5143.jpg,0,27
5144.jpg,0,75
5145.jpg,2,34
5146.jpg,1,77
5147.jpg,0,4
5148.jpg,0,56
5149.jpg,1,46
5150.jpg,2,46
5151.jpg,2,69
5152.jpg,0,11
5153.jpg,0,73
5154.jpg,0,5
5155.jpg,1,18
5156.jpg,1,62
5157.jpg,2,52
5158.jpg,1,77
5159.jpg,0,83
5160.jpg,2,74
5161.jpg,1,31
5162.jpg,2,66
5163.jpg,2,47
5164.jpg,1,65
5165.jpg,1,31
5166.jpg,1,70
5167.jpg,2,3
5168.jpg,2,1
5169.jpg,1,25
5170.jpg,0,80
5171.jpg,2,33
5172.jpg,1,10
5173.jpg,2,33
5174.jpg,0,30
5175.jpg,2,55
5176.jpg,1,31
5177.jpg,1,22
5178.jpg,0,75
5179.jpg,0,19
5180.jpg,0,60
5181.jpg,1,54
5182.jpg,1,54
5183.jpg,0,27
5184.jpg,0,84
5185.jpg,1,36
5186.jpg,2,71
5187.jpg,0,78
5188.jpg,2,61
5189.jpg,2,61
5190.jpg,1,62
5191.jpg,2,66
5192.jpg,1,37
5193.jpg,1,17
5194.jpg,1,36
5195.jpg,1,53
5196.jpg,0,75
5197.jpg,0,5
5198.jpg,0,86
5199.jpg,2,35
5200.jpg,2,61
5201.jpg,2,66
5202.jpg,0,16
5203.jpg,0,42
5204.jpg,1,21
5205.jpg,2,58
5206.jpg,2,69
5207.jpg,2,69
5208.jpg,1,79
5209.jpg,0,11
5210.jpg,1,22
5211.jpg,2,58
5212.jpg,1,46
5213.jpg,2,39
5214.jpg,1,18
5215.jpg,0,75
5216.jpg,2,1
5217.jpg,0,60
5218.jpg,1,53
5219.jpg,0,59
5220.jpg,1,18
5221.jpg,0,27
5222.jpg,2,27
5223.jpg,0,6
5224.jpg,1,7
5225.jpg,2,81
5226.jpg,2,47
5227.jpg,0,42
5228.jpg,2,57
5229.jpg,2,35
5230.jpg,1,31
5231.jpg,0,30
5232.jpg,1,7
5233.jpg,0,4
5234.jpg,2,52
5235.jpg,2,74
5236.jpg,0,75
5237.jpg,0,11
5238.jpg,2,58
5239.jpg,2,81
5240.jpg,1,22
5241.jpg,1,32
5242.jpg,1,21
5243.jpg,0,82
5244.jpg,0,30
5245.jpg,0,84
5246.jpg,1,46
5247.jpg,2,29
5248.jpg,2,13
5249.jpg,2,61
5250.jpg,1,7
5251.jpg,1,46
5252.jpg,0,16
5253.jpg,0,41
5254.jpg,0,26
5255.jpg,2,1
5256.jpg,2,43
5257.jpg,2,44
5258.jpg,0,51
5259.jpg,0,83
5260.jpg,1,46
5261.jpg,1,65
5262.jpg,0,28
5263.jpg,1,62
5264.jpg,0,19
5265.jpg,2,13
5266.jpg,1,21
5267.jpg,2,48
5268.jpg,0,73
5269.jpg,0,83
5270.jpg,1,18
5271.jpg,1,70
5272.jpg,2,66
5273.jpg,0,59
5274.jpg,2,72
5275.jpg,1,2
5276.jpg,1,70
5277.jpg,0,14
5278.jpg,1,49
5279.jpg,1,31
5280.jpg,1,49
5281.jpg,1,70
5282.jpg,1,46
5283.jpg,0,73
5284.jpg,1,37
5285.jpg,1,32
5286.jpg,1,23
5287.jpg,2,74
5288.jpg,0,24
5289.jpg,0,84
5290.jpg,2,69
5291.jpg,0,5
5292.jpg,2,29
5293.jpg,1,22
5294.jpg,1,46
5295.jpg,2,48
5296.jpg,2,44
5297.jpg,0,8
5298.jpg,1,0
5299.jpg,2,72
5300.jpg,0,41
5301.jpg,2,58
5302.jpg,2,29
5303.jpg,1,62
5304.jpg,2,66
5305.jpg,1,77
5306.jpg,1,54
5307.jpg,1,85
5308.jpg,0,59
5309.jpg,1,36
5310.jpg,1,62
5311.jpg,0,51
5312.jpg,2,43
5313.jpg,0,41
5314.jpg,1,23
5315.jpg,1,53
5316.jpg,0,6
5317.jpg,1,49
5318.jpg,0,82
5319.jpg,1,21
5320.jpg,1,18
5321.jpg,0,4
5322.jpg,1,46
5323.jpg,2,52
5324.jpg,0,73
5325.jpg,0,73
5326.jpg,2,71
5327.jpg,2,72
5328.jpg,2,68
5329.jpg,0,84
5330.jpg,1,7
5331.jpg,0,4
5332.jpg,2,39
5333.jpg,2,52
5334.jpg,0,6
5335.jpg,0,51
5336.jpg,2,57
5337.jpg,2,74
5338.jpg,1,46
5339.jpg,0,82
5340.jpg,2,72
5341.jpg,2,69
5342.jpg,1,62
5343.jpg,2,63
5344.jpg,1,22
5345.jpg,2,55
5346.jpg,0,19
5347.jpg,0,30
5348.jpg,0,19
5349.jpg,0,16
5350.jpg,2,16
5351.jpg,2,58
5352.jpg,1,37
5353.jpg,1,37
5354.jpg,0,59
5355.jpg,1,85
5356.jpg,0,8
5357.jpg,2,71
5358.jpg,1,64
5359.jpg,2,71
5360.jpg,1,49
5361.jpg,1,77
5362.jpg,1,36
5363.jpg,0,6
5364.jpg,2,3
5365.jpg,2,67
5366.jpg,2,71
5367.jpg,0,6
5368.jpg,2,58
5369.jpg,1,32
5370.jpg,2,52
5371.jpg,1,25
5372.jpg,0,6
5373.jpg,2,3
5374.jpg,2,44
5375.jpg,1,62
5376.jpg,1,65
5377.jpg,1,9
5378.jpg,2,81
5379.jpg,0,78
5380.jpg,1,31
5381.jpg,1,38
5382.jpg,0,30
5383.jpg,0,56
5384.jpg,1,18
5385.jpg,2,43
5386.jpg,0,30
5387.jpg,1,65
5388.jpg,2,50
5389.jpg,2,61
5390.jpg,0,84
5391.jpg,0,28
5392.jpg,0,56
5393.jpg,0,6
5394.jpg,2,33
5395.jpg,1,62
5396.jpg,2,69
5397.jpg,0,41
5398.jpg,0,30
5399.jpg,2,61
5400.jpg,2,50
5401.jpg,2,13
5402.jpg,0,86
5403.jpg,2,29
5404.jpg,0,84
5405.jpg,0,84
5406.jpg,2,44
5407.jpg,1,21
5408.jpg,2,15
5409.jpg,1,62
5410.jpg,1,70
5411.jpg,1,46
5412.jpg,1,22
5413.jpg,2,47
5414.jpg,2,69
5415.jpg,2,68
5416.jpg,0,82
5417.jpg,0,75
5418.jpg,0,40
5419.jpg,1,17
5420.jpg,0,30
5421.jpg,0,26
5422.jpg,1,64
5423.jpg,2,68
5424.jpg,1,64
5425.jpg,2,69
5426.jpg,0,4
5427.jpg,2,69
5428.jpg,2,44
5429.jpg,2,57
5430.jpg,2,15
5431.jpg,2,72
5432.jpg,0,30
5433.jpg,0,6
5434.jpg,0,56
5435.jpg,2,69
5436.jpg,0,5
5437.jpg,2,43
5438.jpg,0,19
5439.jpg,1,25
5440.jpg,2,63
5441.jpg,2,68
5442.jpg,0,40
5443.jpg,1,0
5444.jpg,1,62
5445.jpg,2,61
5446.jpg,2,33
5447.jpg,2,69
5448.jpg,2,48
5449.jpg,2,71
5450.jpg,1,37
5451.jpg,0,5
5452.jpg,0,51
5453.jpg,2,35
5454.jpg,2,52
5455.jpg,0,11
5456.jpg,1,32
5457.jpg,0,24
5458.jpg,2,13
5459.jpg,0,59
5460.jpg,2,61
5461.jpg,1,77
5462.jpg,0,5
5463.jpg,0,26
5464.jpg,2,68
5465.jpg,0,86
5466.jpg,0,80
5467.jpg,2,1
5468.jpg,0,78
5469.jpg,2,81
5470.jpg,0,26
5471.jpg,0,51
5472.jpg,2,81
5473.jpg,2,47
5474.jpg,0,42
5475.jpg,2,71
5476.jpg,1,49
5477.jpg,2,44
5478.jpg,0,60
5479.jpg,2,52
5480.jpg,0,27
5481.jpg,0,4
5482.jpg,1,65
5483.jpg,0,41
5484.jpg,2,35
5485.jpg,2,29
5486.jpg,2,71
5487.jpg,0,30
5488.jpg,2,69
5489.jpg,0,6
5490.jpg,0,5
5491.jpg,0,30
5492.jpg,1,18
5493.jpg,2,66
5494.jpg,2,72
5495.jpg,1,65
5496.jpg,2,1
5497.jpg,2,33
5498.jpg,0,42
5499.jpg,1,37
5500.jpg,2,57
5501.jpg,0,28
5502.jpg,2,69
5503.jpg,1,53
5504.jpg,2,3
5505.jpg,2,52
5506.jpg,2,1
5507.jpg,2,81
5508.jpg,2,55
5509.jpg,2,66
5510.jpg,1,62
5511.jpg,2,34
5512.jpg,1,23
5513.jpg,2,15
5514.jpg,1,54
5515.jpg,1,21
5516.jpg,1,25
5517.jpg,1,36
5518.jpg,2,13
5519.jpg,1,64
5520.jpg,2,3
5521.jpg,2,68
5522.jpg,0,8
5523.jpg,2,1
5524.jpg,1,22
5525.jpg,1,65
5526.jpg,1,12
5527.jpg,2,50
5528.jpg,1,37
5529.jpg,2,81
5530.jpg,0,14
5531.jpg,2,76
5532.jpg,0,27
5533.jpg,1,64
5534.jpg,1,12
5535.jpg,0,4
5536.jpg,1,46
5537.jpg,0,73
5538.jpg,2,61
5539.jpg,1,49
5540.jpg,0,56
5541.jpg,2,47
5542.jpg,1,79
5543.jpg,2,44
5544.jpg,2,63
5545.jpg,0,28
5546.jpg,2,52
5547.jpg,0,30
5548.jpg,1,22
5549.jpg,0,27
5550.jpg,0,4
5551.jpg,1,10
5552.jpg,1,45
5553.jpg,1,70
5554.jpg,1,46
5555.jpg,0,42
5556.jpg,0,73
5557.jpg,2,73
5558.jpg,2,52
5559.jpg,2,44
5560.jpg,0,84
5561.jpg,1,10
5562.jpg,0,41
5563.jpg,2,61
5564.jpg,0,75
5565.jpg,2,74
5566.jpg,1,62
5567.jpg,2,66
5568.jpg,0,24
5569.jpg,0,41
5570.jpg,1,62
5571.jpg,0,4
5572.jpg,2,81
5573.jpg,0,78
5574.jpg,2,66
5575.jpg,2,58
5576.jpg,1,18
5577.jpg,0,73
5578.jpg,2,48
5579.jpg,0,16
5580.jpg,0,59
5581.jpg,0,28
5582.jpg,0,8
5583.jpg,0,26
5584.jpg,2,76
5585.jpg,0,30
5586.jpg,1,36
5587.jpg,2,35
5588.jpg,2,35
5589.jpg,2,57
5590.jpg,2,76
5591.jpg,0,26
5592.jpg,2,63
5593.jpg,1,46
5594.jpg,1,17
5595.jpg,2,48
5596.jpg,1,77
5597.jpg,0,19
5598.jpg,2,35
5599.jpg,2,55
5600.jpg,2,55
5601.jpg,0,73
5602.jpg,0,20
5603.jpg,0,6
5604.jpg,1,21
5605.jpg,2,74
5606.jpg,1,53
5607.jpg,1,2
5608.jpg,0,51
5609.jpg,1,36
5610.jpg,1,46
5611.jpg,2,1
5612.jpg,0,30
5613.jpg,2,57
5614.jpg,2,39
5615.jpg,0,30
5616.jpg,2,44
5617.jpg,2,3
5618.jpg,0,6
5619.jpg,0,16
5620.jpg,1,37
5621.jpg,1,38
5622.jpg,2,50
5623.jpg,1,7
5624.jpg,0,84
5625.jpg,1,53
5626.jpg,2,63
5627.jpg,1,32
5628.jpg,2,52
5629.jpg,1,12
5630.jpg,1,62
5631.jpg,2,66
5632.jpg,0,14
5633.jpg,0,30
5634.jpg,2,61
5635.jpg,2,50
5636.jpg,2,35
5637.jpg,2,50
5638.jpg,2,76
5639.jpg,1,7
5640.jpg,0,8
5641.jpg,2,43
5642.jpg,1,70
5643.jpg,0,28
5644.jpg,2,43
5645.jpg,1,70
5646.jpg,1,70
5647.jpg,2,72
5648.jpg,1,7
5649.jpg,2,29
5650.jpg,1,18
5651.jpg,1,77
5652.jpg,2,1
5653.jpg,0,30
5654.jpg,2,43
5655.jpg,1,22
5656.jpg,2,71
5657.jpg,0,56
5658.jpg,0,86
5659.jpg,1,45
5660.jpg,1,49
5661.jpg,1,31
5662.jpg,1,32
5663.jpg,1,32
5664.jpg,0,78
5665.jpg,2,66
5666.jpg,1,38
5667.jpg,0,4
5668.jpg,1,22
5669.jpg,1,46
5670.jpg,1,65
5671.jpg,2,52
5672.jpg,1,0
5673.jpg,0,5
5674.jpg,2,68
5675.jpg,1,37
5676.jpg,1,0
5677.jpg,1,79
5678.jpg,2,1
5679.jpg,2,81
5680.jpg,0,28
5681.jpg,1,12
5682.jpg,0,27
5683.jpg,2,50
5684.jpg,2,72
5685.jpg,1,54
5686.jpg,1,85
5687.jpg,0,42
5688.jpg,2,69
5689.jpg,2,50
5690.jpg,2,52
5691.jpg,2,55
5692.jpg,0,6
5693.jpg,2,63
5694.jpg,1,79
5695.jpg,0,84
5696.jpg,0,16
5697.jpg,0,60
5698.jpg,1,36
5699.jpg,1,36
5700.jpg,1,18
5701.jpg,2,43
5702.jpg,0,5
5703.jpg,2,15
5704.jpg,1,62
5705.jpg,1,46
5706.jpg,0,8
5707.jpg,2,35
5708.jpg,1,31
5709.jpg,2,35
5710.jpg,1,36
5711.jpg,2,44
5712.jpg,1,36
5713.jpg,2,1
5714.jpg,2,57
5715.jpg,2,58
5716.jpg,2,81
5717.jpg,2,66
5718.jpg,1,32
5719.jpg,2,33
5720.jpg,1,64
5721.jpg,1,49
5722.jpg,0,27
5723.jpg,2,61
5724.jpg,1,7
5725.jpg,1,70
5726.jpg,2,70
5727.jpg,2,63
5728.jpg,0,20
5729.jpg,2,13
5730.jpg,2,74
5731.jpg,2,35
5732.jpg,0,24
5733.jpg,0,42
5734.jpg,0,27
5735.jpg,2,69
5736.jpg,0,27
5737.jpg,1,85
5738.jpg,2,29
5739.jpg,1,65
5740.jpg,0,41
5741.jpg,1,62
5742.jpg,2,1
5743.jpg,1,17
5744.jpg,2,15
5745.jpg,1,21
5746.jpg,2,35
5747.jpg,1,54
5748.jpg,2,67
5749.jpg,1,12
5750.jpg,2,52
5751.jpg,2,1
5752.jpg,2,69
5753.jpg,0,26
5754.jpg,0,14
5755.jpg,0,30
5756.jpg,1,65
5757.jpg,0,11
5758.jpg,2,71
5759.jpg,0,82
5760.jpg,0,40
5761.jpg,0,75
5762.jpg,2,48
5763.jpg,1,46
5764.jpg,2,1
5765.jpg,1,7
5766.jpg,1,38
5767.jpg,1,22
5768.jpg,0,27
5769.jpg,0,19
5770.jpg,0,5
5771.jpg,1,45
5772.jpg,1,79
5773.jpg,2,76
5774.jpg,0,16
5775.jpg,0,24
5776.jpg,0,60
5777.jpg,1,62
5778.jpg,0,78
5779.jpg,0,83
5780.jpg,2,66
5781.jpg,2,50
5782.jpg,1,53
5783.jpg,0,24
5784.jpg,0,27
5785.jpg,2,69
5786.jpg,2,29
5787.jpg,2,35
5788.jpg,2,58
5789.jpg,2,35
5790.jpg,0,41
5791.jpg,0,11
5792.jpg,1,10
5793.jpg,2,63
5794.jpg,2,3
5795.jpg,2,55
5796.jpg,0,14
5797.jpg,2,71
5798.jpg,0,6
5799.jpg,2,58
5800.jpg,2,74
5801.jpg,1,25
5802.jpg,2,44
5803.jpg,0,28
5804.jpg,0,14
5805.jpg,0,4
5806.jpg,2,55
5807.jpg,0,30
5808.jpg,1,7
5809.jpg,0,26
5810.jpg,2,72
5811.jpg,2,35
5812.jpg,2,47
5813.jpg,1,12
5814.jpg,2,68
5815.jpg,0,84
5816.jpg,2,15
5817.jpg,0,30
5818.jpg,2,33
5819.jpg,2,33
5820.jpg,2,47
5821.jpg,1,77
5822.jpg,1,64
5823.jpg,1,0
5824.jpg,1,49
5825.jpg,2,66
5826.jpg,1,49
5827.jpg,1,18
5828.jpg,0,75
5829.jpg,2,47
5830.jpg,0,73
5831.jpg,2,68
5832.jpg,1,21
5833.jpg,0,14
5834.jpg,0,8
5835.jpg,2,58
5836.jpg,1,2
5837.jpg,0,84
5838.jpg,0,24
5839.jpg,2,69
5840.jpg,2,69
5841.jpg,0,30
5842.jpg,1,22
5843.jpg,1,49
5844.jpg,0,6
5845.jpg,1,36
5846.jpg,2,34
5847.jpg,0,11
5848.jpg,0,56
5849.jpg,1,18
5850.jpg,1,31
5851.jpg,0,84
5852.jpg,2,72
5853.jpg,2,1
5854.jpg,1,21
5855.jpg,0,30
5856.jpg,2,35
5857.jpg,1,65
5858.jpg,2,47
5859.jpg,2,63
5860.jpg,1,79
5861.jpg,2,58
5862.jpg,2,58
5863.jpg,2,63
5864.jpg,1,49
5865.jpg,1,25
5866.jpg,0,80
5867.jpg,0,60
5868.jpg,2,72
5869.jpg,1,10
5870.jpg,2,63
5871.jpg,2,52
5872.jpg,2,58
5873.jpg,1,7
5874.jpg,2,3
5875.jpg,0,75
5876.jpg,2,44
5877.jpg,0,41
5878.jpg,1,17
5879.jpg,0,82
5880.jpg,2,47
5881.jpg,2,76
5882.jpg,0,86
5883.jpg,2,29
5884.jpg,1,22
5885.jpg,1,17
5886.jpg,1,21
5887.jpg,1,22
5888.jpg,1,18
5889.jpg,2,72
5890.jpg,0,8
5891.jpg,0,84
5892.jpg,0,30
5893.jpg,0,8
5894.jpg,1,54
5895.jpg,2,43
5896.jpg,0,41
5897.jpg,2,57
5898.jpg,1,64
5899.jpg,2,57
5900.jpg,0,42
5901.jpg,0,6
5902.jpg,2,58
5903.jpg,2,47
5904.jpg,1,54
5905.jpg,2,76
5906.jpg,0,27
5907.jpg,2,1
5908.jpg,2,34
5909.jpg,1,2
5910.jpg,0,16
5911.jpg,0,27
5912.jpg,2,69
5913.jpg,2,81
5914.jpg,1,31
5915.jpg,0,40
5916.jpg,0,73
5917.jpg,0,26
5918.jpg,1,77
5919.jpg,1,10
5920.jpg,1,38
5921.jpg,2,44
5922.jpg,0,84
5923.jpg,2,69
5924.jpg,2,52
5925.jpg,1,70
5926.jpg,2,1
5927.jpg,2,76
5928.jpg,2,57
5929.jpg,2,58
5930.jpg,2,58
5931.jpg,2,47
5932.jpg,0,60
5933.jpg,2,57
5934.jpg,0,42
5935.jpg,2,29
5936.jpg,1,53
5937.jpg,2,15
5938.jpg,1,18
5939.jpg,2,47
5940.jpg,0,4
5941.jpg,0,60
5942.jpg,1,64
5943.jpg,2,35
5944.jpg,0,6
5945.jpg,0,27
5946.jpg,2,47
5947.jpg,0,4
5948.jpg,1,46
5949.jpg,0,19
5950.jpg,2,52
5951.jpg,0,80
5952.jpg,2,44
5953.jpg,2,71
5954.jpg,1,0
5955.jpg,0,14
5956.jpg,0,73
5957.jpg,0,83
5958.jpg,0,83
5959.jpg,1,2
5960.jpg,1,25
5961.jpg,0,16
5962.jpg,2,29
5963.jpg,0,56
5964.jpg,1,17
5965.jpg,2,29
5966.jpg,2,57
5967.jpg,2,68
5968.jpg,2,47
5969.jpg,2,72
5970.jpg,1,79
5971.jpg,0,42
5972.jpg,2,63
5973.jpg,2,44
5974.jpg,2,47
5975.jpg,2,1
5976.jpg,2,68
5977.jpg,2,29
5978.jpg,1,65
5979.jpg,2,29
5980.jpg,0,59
5981.jpg,1,21
5982.jpg,0,78
5983.jpg,1,36
5984.jpg,0,4
5985.jpg,2,44
5986.jpg,2,57
5987.jpg,2,66
5988.jpg,2,35
5989.jpg,0,75
5990.jpg,1,21
5991.jpg,2,81
5992.jpg,2,48
5993.jpg,0,30
5994.jpg,1,85
5995.jpg,2,44
5996.jpg,0,83
5997.jpg,0,28
5998.jpg,2,33
5999.jpg,2,48
6000.jpg,2,33
6001.jpg,1,38
6002.jpg,2,48
6003.jpg,2,71
6004.jpg,0,28
6005.jpg,1,12
6006.jpg,0,28
6007.jpg,1,38
6008.jpg,1,10
6009.jpg,0,14
6010.jpg,0,40
6011.jpg,2,35
6012.jpg,2,43
6013.jpg,0,75
6014.jpg,2,71
6015.jpg,0,24
6016.jpg,0,56
6017.jpg,2,52
6018.jpg,0,84
6019.jpg,1,49
6020.jpg,1,32
6021.jpg,2,63
6022.jpg,1,7
6023.jpg,2,76
6024.jpg,1,64
6025.jpg,2,61
6026.jpg,2,69
6027.jpg,1,79
6028.jpg,2,72
6029.jpg,1,38
6030.jpg,2,69
6031.jpg,2,48
6032.jpg,0,28
6033.jpg,1,79
6034.jpg,2,47
6035.jpg,1,12
6036.jpg,1,37
6037.jpg,2,37
6038.jpg,2,69
6039.jpg,2,39
6040.jpg,0,27
6041.jpg,0,59
6042.jpg,2,74
6043.jpg,1,53
6044.jpg,0,73
6045.jpg,0,42
6046.jpg,0,11
6047.jpg,1,9
6048.jpg,1,31
6049.jpg,1,64
6050.jpg,2,63
6051.jpg,2,52
6052.jpg,1,2
6053.jpg,1,18
6054.jpg,0,4
6055.jpg,2,61
6056.jpg,2,52
6057.jpg,0,27
6058.jpg,1,46
6059.jpg,2,58
6060.jpg,2,55
6061.jpg,0,84
6062.jpg,2,81
6063.jpg,0,75
6064.jpg,0,4
6065.jpg,1,49
6066.jpg,2,50
6067.jpg,2,74
6068.jpg,0,40
6069.jpg,2,68
6070.jpg,0,83
6071.jpg,1,9
6072.jpg,0,30
6073.jpg,2,76
6074.jpg,2,43
6075.jpg,1,22
6076.jpg,0,20
6077.jpg,0,84
6078.jpg,2,43
6079.jpg,1,18
6080.jpg,2,55
6081.jpg,2,71
6082.jpg,2,44
6083.jpg,2,68
6084.jpg,0,24
6085.jpg,1,36
6086.jpg,1,46
6087.jpg,2,71
6088.jpg,0,14
6089.jpg,1,25
6090.jpg,2,74
6091.jpg,0,78
6092.jpg,2,35
6093.jpg,2,61
6094.jpg,0,24
6095.jpg,1,46
6096.jpg,0,59
6097.jpg,2,29
6098.jpg,2,3
6099.jpg,0,16
6100.jpg,0,30
6101.jpg,2,15
6102.jpg,0,84
6103.jpg,2,58
6104.jpg,0,5
6105.jpg,2,66
6106.jpg,1,37
6107.jpg,2,34
6108.jpg,2,67
6109.jpg,0,14
6110.jpg,0,24
6111.jpg,1,31
6112.jpg,2,13
6113.jpg,0,41
6114.jpg,1,31
6115.jpg,2,35
6116.jpg,1,65
6117.jpg,2,35
6118.jpg,0,59
6119.jpg,0,73
6120.jpg,1,49
6121.jpg,2,63
6122.jpg,1,22
6123.jpg,1,0
6124.jpg,0,75
6125.jpg,2,81
6126.jpg,1,36
6127.jpg,0,78
6128.jpg,2,52
6129.jpg,2,48
6130.jpg,1,77
6131.jpg,1,45
6132.jpg,2,71
6133.jpg,2,3
6134.jpg,0,27
6135.jpg,0,27
6136.jpg,1,49
6137.jpg,1,23
6138.jpg,1,70
6139.jpg,1,46
6140.jpg,1,10
6141.jpg,1,22
6142.jpg,2,63
6143.jpg,2,76
6144.jpg,1,32
6145.jpg,0,26
6146.jpg,0,30
6147.jpg,2,72
6148.jpg,1,23
6149.jpg,1,0
6150.jpg,1,12
6151.jpg,0,30
6152.jpg,2,13
6153.jpg,0,80
6154.jpg,2,44
6155.jpg,1,46
6156.jpg,2,61
6157.jpg,1,38
6158.jpg,2,58
6159.jpg,0,24
6160.jpg,1,31
6161.jpg,1,10
6162.jpg,1,7
6163.jpg,0,51
6164.jpg,2,72
6165.jpg,2,15
6166.jpg,0,27
6167.jpg,2,47
6168.jpg,1,49
6169.jpg,2,74
6170.jpg,2,34
6171.jpg,1,37
6172.jpg,0,86
6173.jpg,0,51
6174.jpg,1,31
6175.jpg,0,6
6176.jpg,2,3
6177.jpg,1,64
6178.jpg,0,28
6179.jpg,2,34
6180.jpg,2,47
6181.jpg,2,58
6182.jpg,2,67
6183.jpg,1,22
6184.jpg,0,27
6185.jpg,2,43
6186.jpg,0,78
6187.jpg,0,83
6188.jpg,1,32
6189.jpg,1,32
6190.jpg,2,57
6191.jpg,0,59
6192.jpg,1,37
6193.jpg,1,23
6194.jpg,1,12
6195.jpg,0,40
6196.jpg,0,24
6197.jpg,0,73
6198.jpg,1,62
6199.jpg,1,21
6200.jpg,1,65
6201.jpg,2,1
6202.jpg,1,37
6203.jpg,1,21
6204.jpg,0,20
6205.jpg,2,44
6206.jpg,0,24
6207.jpg,1,37
6208.jpg,1,25
6209.jpg,1,37
6210.jpg,0,41
6211.jpg,1,85
6212.jpg,0,5
6213.jpg,2,29
6214.jpg,2,43
6215.jpg,0,16
6216.jpg,2,71
6217.jpg,2,13
6218.jpg,2,63
6219.jpg,2,58
6220.jpg,1,62
6221.jpg,1,18
6222.jpg,1,2
6223.jpg,2,47
6224.jpg,0,40
6225.jpg,2,29
6226.jpg,2,47
6227.jpg,1,12
6228.jpg,1,46
6229.jpg,2,1
6230.jpg,1,46
6231.jpg,2,43
6232.jpg,0,20
6233.jpg,1,21
6234.jpg,0,14
6235.jpg,0,19
6236.jpg,1,64
6237.jpg,2,15
6238.jpg,1,64
6239.jpg,0,59
6240.jpg,2,15
6241.jpg,2,76
6242.jpg,0,27
6243.jpg,1,46
6244.jpg,2,72
6245.jpg,0,82
6246.jpg,2,71
6247.jpg,1,38
6248.jpg,2,34
6249.jpg,0,75
6250.jpg,1,17
6251.jpg,1,46
6252.jpg,1,12
6253.jpg,0,75
6254.jpg,1,7
6255.jpg,0,78
6256.jpg,2,1
6257.jpg,1,45
6258.jpg,0,8
6259.jpg,0,16
6260.jpg,0,84
6261.jpg,0,60
6262.jpg,2,60
6263.jpg,1,54
6264.jpg,1,21
6265.jpg,2,71
6266.jpg,2,39
6267.jpg,2,43
6268.jpg,0,26
6269.jpg,2,66
6270.jpg,0,30
6271.jpg,0,80
6272.jpg,1,65
6273.jpg,0,30
6274.jpg,1,18
6275.jpg,1,64
6276.jpg,2,63
6277.jpg,2,63
6278.jpg,2,69
6279.jpg,0,20
6280.jpg,2,57
6281.jpg,0,14
6282.jpg,2,43
6283.jpg,2,52
6284.jpg,0,56
6285.jpg,2,35
6286.jpg,0,28
6287.jpg,0,6
6288.jpg,2,43
6289.jpg,2,33
6290.jpg,2,1
6291.jpg,0,4
6292.jpg,1,2
6293.jpg,0,56
6294.jpg,0,86
6295.jpg,2,1
6296.jpg,1,21
6297.jpg,0,56
6298.jpg,2,43
6299.jpg,1,21
6300.jpg,1,37
6301.jpg,2,1
6302.jpg,1,21
6303.jpg,0,83
6304.jpg,2,1
6305.jpg,2,63
6306.jpg,2,81
6307.jpg,2,57
6308.jpg,2,52
6309.jpg,1,17
6310.jpg,1,49
6311.jpg,0,4
6312.jpg,1,53
6313.jpg,0,60
6314.jpg,0,27
6315.jpg,1,65
6316.jpg,1,31
6317.jpg,2,63
6318.jpg,2,74
6319.jpg,0,86
6320.jpg,0,14
6321.jpg,2,39
